The system is: Linux - 6.1.22-ase2024 - aarch64
Compiling the CXX compiler identification source file "CMakeCXXCompilerId.cpp" succeeded.
Compiler: /usr/bin/c++ 
Build flags: 
Id flags:  

The output was:
0


Compilation of the CXX compiler identification source "CMakeCXXCompilerId.cpp" produced "a.out"

The CXX compiler identification is GNU, found in "/home/debix/gocv-buildopencv/opencv-4.10.0/build/CMakeFiles/3.22.1/CompilerIdCXX/a.out"

Compiling the C compiler identification source file "CMakeCCompilerId.c" succeeded.
Compiler: /usr/bin/cc 
Build flags: 
Id flags:  

The output was:
0


Compilation of the C compiler identification source "CMakeCCompilerId.c" produced "a.out"

The C compiler identification is GNU, found in "/home/debix/gocv-buildopencv/opencv-4.10.0/build/CMakeFiles/3.22.1/CompilerIdC/a.out"

Detecting CXX compiler ABI info compiled with the following output:
Change Dir: /home/debix/gocv-buildopencv/opencv-4.10.0/build/CMakeFiles/CMakeTmp

Run Build Command(s):/usr/bin/gmake -f Makefile cmTC_0954a/fast && gmake[1]: Entering directory '/home/debix/gocv-buildopencv/opencv-4.10.0/build/CMakeFiles/CMakeTmp'
/usr/bin/gmake  -f CMakeFiles/cmTC_0954a.dir/build.make CMakeFiles/cmTC_0954a.dir/build
gmake[2]: Entering directory '/home/debix/gocv-buildopencv/opencv-4.10.0/build/CMakeFiles/CMakeTmp'
/usr/bin/cmake: /usr/lib/libcurl.so.4: no version information available (required by /usr/bin/cmake)
Building CXX object CMakeFiles/cmTC_0954a.dir/CMakeCXXCompilerABI.cpp.o
/usr/bin/c++   -fPIE   -v -o CMakeFiles/cmTC_0954a.dir/CMakeCXXCompilerABI.cpp.o -c /usr/share/cmake-3.22/Modules/CMakeCXXCompilerABI.cpp
Using built-in specs.
COLLECT_GCC=/usr/bin/c++
Target: aarch64-linux-gnu
Configured with: ../src/configure -v --with-pkgversion='Ubuntu 11.4.0-1ubuntu1~22.04' --with-bugurl=file:///usr/share/doc/gcc-11/README.Bugs --enable-languages=c,ada,c++,go,d,fortran,objc,obj-c++,m2 --prefix=/usr --with-gcc-major-version-only --program-suffix=-11 --program-prefix=aarch64-linux-gnu- --enable-shared --enable-linker-build-id --libexecdir=/usr/lib --without-included-gettext --enable-threads=posix --libdir=/usr/lib --enable-nls --enable-bootstrap --enable-clocale=gnu --enable-libstdcxx-debug --enable-libstdcxx-time=yes --with-default-libstdcxx-abi=new --enable-gnu-unique-object --disable-libquadmath --disable-libquadmath-support --enable-plugin --enable-default-pie --with-system-zlib --enable-libphobos-checking=release --with-target-system-zlib=auto --enable-objc-gc=auto --enable-multiarch --enable-fix-cortex-a53-843419 --disable-werror --enable-checking=release --build=aarch64-linux-gnu --host=aarch64-linux-gnu --target=aarch64-linux-gnu --with-build-config=bootstrap-lto-lean --enable-link-serialization=2
Thread model: posix
Supported LTO compression algorithms: zlib zstd
gcc version 11.4.0 (Ubuntu 11.4.0-1ubuntu1~22.04) 
COLLECT_GCC_OPTIONS='-fPIE' '-v' '-o' 'CMakeFiles/cmTC_0954a.dir/CMakeCXXCompilerABI.cpp.o' '-c' '-shared-libgcc' '-mlittle-endian' '-mabi=lp64' '-dumpdir' 'CMakeFiles/cmTC_0954a.dir/'
 /usr/lib/gcc/aarch64-linux-gnu/11/cc1plus -quiet -v -imultiarch aarch64-linux-gnu -D_GNU_SOURCE /usr/share/cmake-3.22/Modules/CMakeCXXCompilerABI.cpp -quiet -dumpdir CMakeFiles/cmTC_0954a.dir/ -dumpbase CMakeCXXCompilerABI.cpp.cpp -dumpbase-ext .cpp -mlittle-endian -mabi=lp64 -version -fPIE -fasynchronous-unwind-tables -fstack-protector-strong -Wformat -Wformat-security -fstack-clash-protection -o /tmp/ccrTJuyQ.s
GNU C++17 (Ubuntu 11.4.0-1ubuntu1~22.04) version 11.4.0 (aarch64-linux-gnu)
	compiled by GNU C version 11.4.0, GMP version 6.2.1, MPFR version 4.1.0, MPC version 1.2.1, isl version isl-0.24-GMP

GGC heuristics: --param ggc-min-expand=100 --param ggc-min-heapsize=131072
ignoring duplicate directory "/usr/include/aarch64-linux-gnu/c++/11"
ignoring nonexistent directory "/usr/local/include/aarch64-linux-gnu"
ignoring nonexistent directory "/usr/lib/gcc/aarch64-linux-gnu/11/include-fixed"
ignoring nonexistent directory "/usr/lib/gcc/aarch64-linux-gnu/11/../../../../aarch64-linux-gnu/include"
#include "..." search starts here:
#include <...> search starts here:
 /usr/include/c++/11
 /usr/include/aarch64-linux-gnu/c++/11
 /usr/include/c++/11/backward
 /usr/lib/gcc/aarch64-linux-gnu/11/include
 /usr/local/include
 /usr/include/aarch64-linux-gnu
 /usr/include
End of search list.
GNU C++17 (Ubuntu 11.4.0-1ubuntu1~22.04) version 11.4.0 (aarch64-linux-gnu)
	compiled by GNU C version 11.4.0, GMP version 6.2.1, MPFR version 4.1.0, MPC version 1.2.1, isl version isl-0.24-GMP

GGC heuristics: --param ggc-min-expand=100 --param ggc-min-heapsize=131072
Compiler executable checksum: 3e6e780af1232722b47e0979fda82402
COLLECT_GCC_OPTIONS='-fPIE' '-v' '-o' 'CMakeFiles/cmTC_0954a.dir/CMakeCXXCompilerABI.cpp.o' '-c' '-shared-libgcc' '-mlittle-endian' '-mabi=lp64' '-dumpdir' 'CMakeFiles/cmTC_0954a.dir/'
 as -v -EL -mabi=lp64 -o CMakeFiles/cmTC_0954a.dir/CMakeCXXCompilerABI.cpp.o /tmp/ccrTJuyQ.s
GNU assembler version 2.38 (aarch64-linux-gnu) using BFD version (GNU Binutils for Ubuntu) 2.38
COMPILER_PATH=/usr/lib/gcc/aarch64-linux-gnu/11/:/usr/lib/gcc/aarch64-linux-gnu/11/:/usr/lib/gcc/aarch64-linux-gnu/:/usr/lib/gcc/aarch64-linux-gnu/11/:/usr/lib/gcc/aarch64-linux-gnu/
LIBRARY_PATH=/usr/lib/gcc/aarch64-linux-gnu/11/:/usr/lib/gcc/aarch64-linux-gnu/11/../../../aarch64-linux-gnu/:/usr/lib/gcc/aarch64-linux-gnu/11/../../../../lib/:/lib/aarch64-linux-gnu/:/lib/../lib/:/usr/lib/aarch64-linux-gnu/:/usr/lib/../lib/:/usr/lib/gcc/aarch64-linux-gnu/11/../../../:/lib/:/usr/lib/
COLLECT_GCC_OPTIONS='-fPIE' '-v' '-o' 'CMakeFiles/cmTC_0954a.dir/CMakeCXXCompilerABI.cpp.o' '-c' '-shared-libgcc' '-mlittle-endian' '-mabi=lp64' '-dumpdir' 'CMakeFiles/cmTC_0954a.dir/CMakeCXXCompilerABI.cpp.'
/usr/bin/cmake: /usr/lib/libcurl.so.4: no version information available (required by /usr/bin/cmake)
Linking CXX executable cmTC_0954a
/usr/bin/cmake -E cmake_link_script CMakeFiles/cmTC_0954a.dir/link.txt --verbose=1
/usr/bin/cmake: /usr/lib/libcurl.so.4: no version information available (required by /usr/bin/cmake)
/usr/bin/c++  -v CMakeFiles/cmTC_0954a.dir/CMakeCXXCompilerABI.cpp.o -o cmTC_0954a 
Using built-in specs.
COLLECT_GCC=/usr/bin/c++
COLLECT_LTO_WRAPPER=/usr/lib/gcc/aarch64-linux-gnu/11/lto-wrapper
Target: aarch64-linux-gnu
Configured with: ../src/configure -v --with-pkgversion='Ubuntu 11.4.0-1ubuntu1~22.04' --with-bugurl=file:///usr/share/doc/gcc-11/README.Bugs --enable-languages=c,ada,c++,go,d,fortran,objc,obj-c++,m2 --prefix=/usr --with-gcc-major-version-only --program-suffix=-11 --program-prefix=aarch64-linux-gnu- --enable-shared --enable-linker-build-id --libexecdir=/usr/lib --without-included-gettext --enable-threads=posix --libdir=/usr/lib --enable-nls --enable-bootstrap --enable-clocale=gnu --enable-libstdcxx-debug --enable-libstdcxx-time=yes --with-default-libstdcxx-abi=new --enable-gnu-unique-object --disable-libquadmath --disable-libquadmath-support --enable-plugin --enable-default-pie --with-system-zlib --enable-libphobos-checking=release --with-target-system-zlib=auto --enable-objc-gc=auto --enable-multiarch --enable-fix-cortex-a53-843419 --disable-werror --enable-checking=release --build=aarch64-linux-gnu --host=aarch64-linux-gnu --target=aarch64-linux-gnu --with-build-config=bootstrap-lto-lean --enable-link-serialization=2
Thread model: posix
Supported LTO compression algorithms: zlib zstd
gcc version 11.4.0 (Ubuntu 11.4.0-1ubuntu1~22.04) 
COMPILER_PATH=/usr/lib/gcc/aarch64-linux-gnu/11/:/usr/lib/gcc/aarch64-linux-gnu/11/:/usr/lib/gcc/aarch64-linux-gnu/:/usr/lib/gcc/aarch64-linux-gnu/11/:/usr/lib/gcc/aarch64-linux-gnu/
LIBRARY_PATH=/usr/lib/gcc/aarch64-linux-gnu/11/:/usr/lib/gcc/aarch64-linux-gnu/11/../../../aarch64-linux-gnu/:/usr/lib/gcc/aarch64-linux-gnu/11/../../../../lib/:/lib/aarch64-linux-gnu/:/lib/../lib/:/usr/lib/aarch64-linux-gnu/:/usr/lib/../lib/:/usr/lib/gcc/aarch64-linux-gnu/11/../../../:/lib/:/usr/lib/
COLLECT_GCC_OPTIONS='-v' '-o' 'cmTC_0954a' '-shared-libgcc' '-mlittle-endian' '-mabi=lp64' '-dumpdir' 'cmTC_0954a.'
 /usr/lib/gcc/aarch64-linux-gnu/11/collect2 -plugin /usr/lib/gcc/aarch64-linux-gnu/11/liblto_plugin.so -plugin-opt=/usr/lib/gcc/aarch64-linux-gnu/11/lto-wrapper -plugin-opt=-fresolution=/tmp/ccvYRlLI.res -plugin-opt=-pass-through=-lgcc_s -plugin-opt=-pass-through=-lgcc -plugin-opt=-pass-through=-lc -plugin-opt=-pass-through=-lgcc_s -plugin-opt=-pass-through=-lgcc --build-id --eh-frame-hdr --hash-style=gnu --as-needed -dynamic-linker /lib/ld-linux-aarch64.so.1 -X -EL -maarch64linux --fix-cortex-a53-843419 -pie -z now -z relro -o cmTC_0954a /usr/lib/gcc/aarch64-linux-gnu/11/../../../aarch64-linux-gnu/Scrt1.o /usr/lib/gcc/aarch64-linux-gnu/11/../../../aarch64-linux-gnu/crti.o /usr/lib/gcc/aarch64-linux-gnu/11/crtbeginS.o -L/usr/lib/gcc/aarch64-linux-gnu/11 -L/usr/lib/gcc/aarch64-linux-gnu/11/../../../aarch64-linux-gnu -L/usr/lib/gcc/aarch64-linux-gnu/11/../../../../lib -L/lib/aarch64-linux-gnu -L/lib/../lib -L/usr/lib/aarch64-linux-gnu -L/usr/lib/../lib -L/usr/lib/gcc/aarch64-linux-gnu/11/../../.. CMakeFiles/cmTC_0954a.dir/CMakeCXXCompilerABI.cpp.o -lstdc++ -lm -lgcc_s -lgcc -lc -lgcc_s -lgcc /usr/lib/gcc/aarch64-linux-gnu/11/crtendS.o /usr/lib/gcc/aarch64-linux-gnu/11/../../../aarch64-linux-gnu/crtn.o
COLLECT_GCC_OPTIONS='-v' '-o' 'cmTC_0954a' '-shared-libgcc' '-mlittle-endian' '-mabi=lp64' '-dumpdir' 'cmTC_0954a.'
gmake[2]: Leaving directory '/home/debix/gocv-buildopencv/opencv-4.10.0/build/CMakeFiles/CMakeTmp'
gmake[1]: Leaving directory '/home/debix/gocv-buildopencv/opencv-4.10.0/build/CMakeFiles/CMakeTmp'



Parsed CXX implicit include dir info from above output: rv=done
  found start of include info
  found start of implicit include info
    add: [/usr/include/c++/11]
    add: [/usr/include/aarch64-linux-gnu/c++/11]
    add: [/usr/include/c++/11/backward]
    add: [/usr/lib/gcc/aarch64-linux-gnu/11/include]
    add: [/usr/local/include]
    add: [/usr/include/aarch64-linux-gnu]
    add: [/usr/include]
  end of search list found
  collapse include dir [/usr/include/c++/11] ==> [/usr/include/c++/11]
  collapse include dir [/usr/include/aarch64-linux-gnu/c++/11] ==> [/usr/include/aarch64-linux-gnu/c++/11]
  collapse include dir [/usr/include/c++/11/backward] ==> [/usr/include/c++/11/backward]
  collapse include dir [/usr/lib/gcc/aarch64-linux-gnu/11/include] ==> [/usr/lib/gcc/aarch64-linux-gnu/11/include]
  collapse include dir [/usr/local/include] ==> [/usr/local/include]
  collapse include dir [/usr/include/aarch64-linux-gnu] ==> [/usr/include/aarch64-linux-gnu]
  collapse include dir [/usr/include] ==> [/usr/include]
  implicit include dirs: [/usr/include/c++/11;/usr/include/aarch64-linux-gnu/c++/11;/usr/include/c++/11/backward;/usr/lib/gcc/aarch64-linux-gnu/11/include;/usr/local/include;/usr/include/aarch64-linux-gnu;/usr/include]


Parsed CXX implicit link information from above output:
  link line regex: [^( *|.*[/\])(ld|CMAKE_LINK_STARTFILE-NOTFOUND|([^/\]+-)?ld|collect2)[^/\]*( |$)]
  ignore line: [Change Dir: /home/debix/gocv-buildopencv/opencv-4.10.0/build/CMakeFiles/CMakeTmp]
  ignore line: []
  ignore line: [Run Build Command(s):/usr/bin/gmake -f Makefile cmTC_0954a/fast && gmake[1]: Entering directory '/home/debix/gocv-buildopencv/opencv-4.10.0/build/CMakeFiles/CMakeTmp']
  ignore line: [/usr/bin/gmake  -f CMakeFiles/cmTC_0954a.dir/build.make CMakeFiles/cmTC_0954a.dir/build]
  ignore line: [gmake[2]: Entering directory '/home/debix/gocv-buildopencv/opencv-4.10.0/build/CMakeFiles/CMakeTmp']
  ignore line: [/usr/bin/cmake: /usr/lib/libcurl.so.4: no version information available (required by /usr/bin/cmake)]
  ignore line: [Building CXX object CMakeFiles/cmTC_0954a.dir/CMakeCXXCompilerABI.cpp.o]
  ignore line: [/usr/bin/c++   -fPIE   -v -o CMakeFiles/cmTC_0954a.dir/CMakeCXXCompilerABI.cpp.o -c /usr/share/cmake-3.22/Modules/CMakeCXXCompilerABI.cpp]
  ignore line: [Using built-in specs.]
  ignore line: [COLLECT_GCC=/usr/bin/c++]
  ignore line: [Target: aarch64-linux-gnu]
  ignore line: [Configured with: ../src/configure -v --with-pkgversion='Ubuntu 11.4.0-1ubuntu1~22.04' --with-bugurl=file:///usr/share/doc/gcc-11/README.Bugs --enable-languages=c ada c++ go d fortran objc obj-c++ m2 --prefix=/usr --with-gcc-major-version-only --program-suffix=-11 --program-prefix=aarch64-linux-gnu- --enable-shared --enable-linker-build-id --libexecdir=/usr/lib --without-included-gettext --enable-threads=posix --libdir=/usr/lib --enable-nls --enable-bootstrap --enable-clocale=gnu --enable-libstdcxx-debug --enable-libstdcxx-time=yes --with-default-libstdcxx-abi=new --enable-gnu-unique-object --disable-libquadmath --disable-libquadmath-support --enable-plugin --enable-default-pie --with-system-zlib --enable-libphobos-checking=release --with-target-system-zlib=auto --enable-objc-gc=auto --enable-multiarch --enable-fix-cortex-a53-843419 --disable-werror --enable-checking=release --build=aarch64-linux-gnu --host=aarch64-linux-gnu --target=aarch64-linux-gnu --with-build-config=bootstrap-lto-lean --enable-link-serialization=2]
  ignore line: [Thread model: posix]
  ignore line: [Supported LTO compression algorithms: zlib zstd]
  ignore line: [gcc version 11.4.0 (Ubuntu 11.4.0-1ubuntu1~22.04) ]
  ignore line: [COLLECT_GCC_OPTIONS='-fPIE' '-v' '-o' 'CMakeFiles/cmTC_0954a.dir/CMakeCXXCompilerABI.cpp.o' '-c' '-shared-libgcc' '-mlittle-endian' '-mabi=lp64' '-dumpdir' 'CMakeFiles/cmTC_0954a.dir/']
  ignore line: [ /usr/lib/gcc/aarch64-linux-gnu/11/cc1plus -quiet -v -imultiarch aarch64-linux-gnu -D_GNU_SOURCE /usr/share/cmake-3.22/Modules/CMakeCXXCompilerABI.cpp -quiet -dumpdir CMakeFiles/cmTC_0954a.dir/ -dumpbase CMakeCXXCompilerABI.cpp.cpp -dumpbase-ext .cpp -mlittle-endian -mabi=lp64 -version -fPIE -fasynchronous-unwind-tables -fstack-protector-strong -Wformat -Wformat-security -fstack-clash-protection -o /tmp/ccrTJuyQ.s]
  ignore line: [GNU C++17 (Ubuntu 11.4.0-1ubuntu1~22.04) version 11.4.0 (aarch64-linux-gnu)]
  ignore line: [	compiled by GNU C version 11.4.0  GMP version 6.2.1  MPFR version 4.1.0  MPC version 1.2.1  isl version isl-0.24-GMP]
  ignore line: []
  ignore line: [GGC heuristics: --param ggc-min-expand=100 --param ggc-min-heapsize=131072]
  ignore line: [ignoring duplicate directory "/usr/include/aarch64-linux-gnu/c++/11"]
  ignore line: [ignoring nonexistent directory "/usr/local/include/aarch64-linux-gnu"]
  ignore line: [ignoring nonexistent directory "/usr/lib/gcc/aarch64-linux-gnu/11/include-fixed"]
  ignore line: [ignoring nonexistent directory "/usr/lib/gcc/aarch64-linux-gnu/11/../../../../aarch64-linux-gnu/include"]
  ignore line: [#include "..." search starts here:]
  ignore line: [#include <...> search starts here:]
  ignore line: [ /usr/include/c++/11]
  ignore line: [ /usr/include/aarch64-linux-gnu/c++/11]
  ignore line: [ /usr/include/c++/11/backward]
  ignore line: [ /usr/lib/gcc/aarch64-linux-gnu/11/include]
  ignore line: [ /usr/local/include]
  ignore line: [ /usr/include/aarch64-linux-gnu]
  ignore line: [ /usr/include]
  ignore line: [End of search list.]
  ignore line: [GNU C++17 (Ubuntu 11.4.0-1ubuntu1~22.04) version 11.4.0 (aarch64-linux-gnu)]
  ignore line: [	compiled by GNU C version 11.4.0  GMP version 6.2.1  MPFR version 4.1.0  MPC version 1.2.1  isl version isl-0.24-GMP]
  ignore line: []
  ignore line: [GGC heuristics: --param ggc-min-expand=100 --param ggc-min-heapsize=131072]
  ignore line: [Compiler executable checksum: 3e6e780af1232722b47e0979fda82402]
  ignore line: [COLLECT_GCC_OPTIONS='-fPIE' '-v' '-o' 'CMakeFiles/cmTC_0954a.dir/CMakeCXXCompilerABI.cpp.o' '-c' '-shared-libgcc' '-mlittle-endian' '-mabi=lp64' '-dumpdir' 'CMakeFiles/cmTC_0954a.dir/']
  ignore line: [ as -v -EL -mabi=lp64 -o CMakeFiles/cmTC_0954a.dir/CMakeCXXCompilerABI.cpp.o /tmp/ccrTJuyQ.s]
  ignore line: [GNU assembler version 2.38 (aarch64-linux-gnu) using BFD version (GNU Binutils for Ubuntu) 2.38]
  ignore line: [COMPILER_PATH=/usr/lib/gcc/aarch64-linux-gnu/11/:/usr/lib/gcc/aarch64-linux-gnu/11/:/usr/lib/gcc/aarch64-linux-gnu/:/usr/lib/gcc/aarch64-linux-gnu/11/:/usr/lib/gcc/aarch64-linux-gnu/]
  ignore line: [LIBRARY_PATH=/usr/lib/gcc/aarch64-linux-gnu/11/:/usr/lib/gcc/aarch64-linux-gnu/11/../../../aarch64-linux-gnu/:/usr/lib/gcc/aarch64-linux-gnu/11/../../../../lib/:/lib/aarch64-linux-gnu/:/lib/../lib/:/usr/lib/aarch64-linux-gnu/:/usr/lib/../lib/:/usr/lib/gcc/aarch64-linux-gnu/11/../../../:/lib/:/usr/lib/]
  ignore line: [COLLECT_GCC_OPTIONS='-fPIE' '-v' '-o' 'CMakeFiles/cmTC_0954a.dir/CMakeCXXCompilerABI.cpp.o' '-c' '-shared-libgcc' '-mlittle-endian' '-mabi=lp64' '-dumpdir' 'CMakeFiles/cmTC_0954a.dir/CMakeCXXCompilerABI.cpp.']
  ignore line: [/usr/bin/cmake: /usr/lib/libcurl.so.4: no version information available (required by /usr/bin/cmake)]
  ignore line: [Linking CXX executable cmTC_0954a]
  ignore line: [/usr/bin/cmake -E cmake_link_script CMakeFiles/cmTC_0954a.dir/link.txt --verbose=1]
  ignore line: [/usr/bin/cmake: /usr/lib/libcurl.so.4: no version information available (required by /usr/bin/cmake)]
  ignore line: [/usr/bin/c++  -v CMakeFiles/cmTC_0954a.dir/CMakeCXXCompilerABI.cpp.o -o cmTC_0954a ]
  ignore line: [Using built-in specs.]
  ignore line: [COLLECT_GCC=/usr/bin/c++]
  ignore line: [COLLECT_LTO_WRAPPER=/usr/lib/gcc/aarch64-linux-gnu/11/lto-wrapper]
  ignore line: [Target: aarch64-linux-gnu]
  ignore line: [Configured with: ../src/configure -v --with-pkgversion='Ubuntu 11.4.0-1ubuntu1~22.04' --with-bugurl=file:///usr/share/doc/gcc-11/README.Bugs --enable-languages=c ada c++ go d fortran objc obj-c++ m2 --prefix=/usr --with-gcc-major-version-only --program-suffix=-11 --program-prefix=aarch64-linux-gnu- --enable-shared --enable-linker-build-id --libexecdir=/usr/lib --without-included-gettext --enable-threads=posix --libdir=/usr/lib --enable-nls --enable-bootstrap --enable-clocale=gnu --enable-libstdcxx-debug --enable-libstdcxx-time=yes --with-default-libstdcxx-abi=new --enable-gnu-unique-object --disable-libquadmath --disable-libquadmath-support --enable-plugin --enable-default-pie --with-system-zlib --enable-libphobos-checking=release --with-target-system-zlib=auto --enable-objc-gc=auto --enable-multiarch --enable-fix-cortex-a53-843419 --disable-werror --enable-checking=release --build=aarch64-linux-gnu --host=aarch64-linux-gnu --target=aarch64-linux-gnu --with-build-config=bootstrap-lto-lean --enable-link-serialization=2]
  ignore line: [Thread model: posix]
  ignore line: [Supported LTO compression algorithms: zlib zstd]
  ignore line: [gcc version 11.4.0 (Ubuntu 11.4.0-1ubuntu1~22.04) ]
  ignore line: [COMPILER_PATH=/usr/lib/gcc/aarch64-linux-gnu/11/:/usr/lib/gcc/aarch64-linux-gnu/11/:/usr/lib/gcc/aarch64-linux-gnu/:/usr/lib/gcc/aarch64-linux-gnu/11/:/usr/lib/gcc/aarch64-linux-gnu/]
  ignore line: [LIBRARY_PATH=/usr/lib/gcc/aarch64-linux-gnu/11/:/usr/lib/gcc/aarch64-linux-gnu/11/../../../aarch64-linux-gnu/:/usr/lib/gcc/aarch64-linux-gnu/11/../../../../lib/:/lib/aarch64-linux-gnu/:/lib/../lib/:/usr/lib/aarch64-linux-gnu/:/usr/lib/../lib/:/usr/lib/gcc/aarch64-linux-gnu/11/../../../:/lib/:/usr/lib/]
  ignore line: [COLLECT_GCC_OPTIONS='-v' '-o' 'cmTC_0954a' '-shared-libgcc' '-mlittle-endian' '-mabi=lp64' '-dumpdir' 'cmTC_0954a.']
  link line: [ /usr/lib/gcc/aarch64-linux-gnu/11/collect2 -plugin /usr/lib/gcc/aarch64-linux-gnu/11/liblto_plugin.so -plugin-opt=/usr/lib/gcc/aarch64-linux-gnu/11/lto-wrapper -plugin-opt=-fresolution=/tmp/ccvYRlLI.res -plugin-opt=-pass-through=-lgcc_s -plugin-opt=-pass-through=-lgcc -plugin-opt=-pass-through=-lc -plugin-opt=-pass-through=-lgcc_s -plugin-opt=-pass-through=-lgcc --build-id --eh-frame-hdr --hash-style=gnu --as-needed -dynamic-linker /lib/ld-linux-aarch64.so.1 -X -EL -maarch64linux --fix-cortex-a53-843419 -pie -z now -z relro -o cmTC_0954a /usr/lib/gcc/aarch64-linux-gnu/11/../../../aarch64-linux-gnu/Scrt1.o /usr/lib/gcc/aarch64-linux-gnu/11/../../../aarch64-linux-gnu/crti.o /usr/lib/gcc/aarch64-linux-gnu/11/crtbeginS.o -L/usr/lib/gcc/aarch64-linux-gnu/11 -L/usr/lib/gcc/aarch64-linux-gnu/11/../../../aarch64-linux-gnu -L/usr/lib/gcc/aarch64-linux-gnu/11/../../../../lib -L/lib/aarch64-linux-gnu -L/lib/../lib -L/usr/lib/aarch64-linux-gnu -L/usr/lib/../lib -L/usr/lib/gcc/aarch64-linux-gnu/11/../../.. CMakeFiles/cmTC_0954a.dir/CMakeCXXCompilerABI.cpp.o -lstdc++ -lm -lgcc_s -lgcc -lc -lgcc_s -lgcc /usr/lib/gcc/aarch64-linux-gnu/11/crtendS.o /usr/lib/gcc/aarch64-linux-gnu/11/../../../aarch64-linux-gnu/crtn.o]
    arg [/usr/lib/gcc/aarch64-linux-gnu/11/collect2] ==> ignore
    arg [-plugin] ==> ignore
    arg [/usr/lib/gcc/aarch64-linux-gnu/11/liblto_plugin.so] ==> ignore
    arg [-plugin-opt=/usr/lib/gcc/aarch64-linux-gnu/11/lto-wrapper] ==> ignore
    arg [-plugin-opt=-fresolution=/tmp/ccvYRlLI.res] ==> ignore
    arg [-plugin-opt=-pass-through=-lgcc_s] ==> ignore
    arg [-plugin-opt=-pass-through=-lgcc] ==> ignore
    arg [-plugin-opt=-pass-through=-lc] ==> ignore
    arg [-plugin-opt=-pass-through=-lgcc_s] ==> ignore
    arg [-plugin-opt=-pass-through=-lgcc] ==> ignore
    arg [--build-id] ==> ignore
    arg [--eh-frame-hdr] ==> ignore
    arg [--hash-style=gnu] ==> ignore
    arg [--as-needed] ==> ignore
    arg [-dynamic-linker] ==> ignore
    arg [/lib/ld-linux-aarch64.so.1] ==> ignore
    arg [-X] ==> ignore
    arg [-EL] ==> ignore
    arg [-maarch64linux] ==> ignore
    arg [--fix-cortex-a53-843419] ==> ignore
    arg [-pie] ==> ignore
    arg [-znow] ==> ignore
    arg [-zrelro] ==> ignore
    arg [-o] ==> ignore
    arg [cmTC_0954a] ==> ignore
    arg [/usr/lib/gcc/aarch64-linux-gnu/11/../../../aarch64-linux-gnu/Scrt1.o] ==> obj [/usr/lib/gcc/aarch64-linux-gnu/11/../../../aarch64-linux-gnu/Scrt1.o]
    arg [/usr/lib/gcc/aarch64-linux-gnu/11/../../../aarch64-linux-gnu/crti.o] ==> obj [/usr/lib/gcc/aarch64-linux-gnu/11/../../../aarch64-linux-gnu/crti.o]
    arg [/usr/lib/gcc/aarch64-linux-gnu/11/crtbeginS.o] ==> obj [/usr/lib/gcc/aarch64-linux-gnu/11/crtbeginS.o]
    arg [-L/usr/lib/gcc/aarch64-linux-gnu/11] ==> dir [/usr/lib/gcc/aarch64-linux-gnu/11]
    arg [-L/usr/lib/gcc/aarch64-linux-gnu/11/../../../aarch64-linux-gnu] ==> dir [/usr/lib/gcc/aarch64-linux-gnu/11/../../../aarch64-linux-gnu]
    arg [-L/usr/lib/gcc/aarch64-linux-gnu/11/../../../../lib] ==> dir [/usr/lib/gcc/aarch64-linux-gnu/11/../../../../lib]
    arg [-L/lib/aarch64-linux-gnu] ==> dir [/lib/aarch64-linux-gnu]
    arg [-L/lib/../lib] ==> dir [/lib/../lib]
    arg [-L/usr/lib/aarch64-linux-gnu] ==> dir [/usr/lib/aarch64-linux-gnu]
    arg [-L/usr/lib/../lib] ==> dir [/usr/lib/../lib]
    arg [-L/usr/lib/gcc/aarch64-linux-gnu/11/../../..] ==> dir [/usr/lib/gcc/aarch64-linux-gnu/11/../../..]
    arg [CMakeFiles/cmTC_0954a.dir/CMakeCXXCompilerABI.cpp.o] ==> ignore
    arg [-lstdc++] ==> lib [stdc++]
    arg [-lm] ==> lib [m]
    arg [-lgcc_s] ==> lib [gcc_s]
    arg [-lgcc] ==> lib [gcc]
    arg [-lc] ==> lib [c]
    arg [-lgcc_s] ==> lib [gcc_s]
    arg [-lgcc] ==> lib [gcc]
    arg [/usr/lib/gcc/aarch64-linux-gnu/11/crtendS.o] ==> obj [/usr/lib/gcc/aarch64-linux-gnu/11/crtendS.o]
    arg [/usr/lib/gcc/aarch64-linux-gnu/11/../../../aarch64-linux-gnu/crtn.o] ==> obj [/usr/lib/gcc/aarch64-linux-gnu/11/../../../aarch64-linux-gnu/crtn.o]
  collapse obj [/usr/lib/gcc/aarch64-linux-gnu/11/../../../aarch64-linux-gnu/Scrt1.o] ==> [/usr/lib/aarch64-linux-gnu/Scrt1.o]
  collapse obj [/usr/lib/gcc/aarch64-linux-gnu/11/../../../aarch64-linux-gnu/crti.o] ==> [/usr/lib/aarch64-linux-gnu/crti.o]
  collapse obj [/usr/lib/gcc/aarch64-linux-gnu/11/../../../aarch64-linux-gnu/crtn.o] ==> [/usr/lib/aarch64-linux-gnu/crtn.o]
  collapse library dir [/usr/lib/gcc/aarch64-linux-gnu/11] ==> [/usr/lib/gcc/aarch64-linux-gnu/11]
  collapse library dir [/usr/lib/gcc/aarch64-linux-gnu/11/../../../aarch64-linux-gnu] ==> [/usr/lib/aarch64-linux-gnu]
  collapse library dir [/usr/lib/gcc/aarch64-linux-gnu/11/../../../../lib] ==> [/usr/lib]
  collapse library dir [/lib/aarch64-linux-gnu] ==> [/lib/aarch64-linux-gnu]
  collapse library dir [/lib/../lib] ==> [/lib]
  collapse library dir [/usr/lib/aarch64-linux-gnu] ==> [/usr/lib/aarch64-linux-gnu]
  collapse library dir [/usr/lib/../lib] ==> [/usr/lib]
  collapse library dir [/usr/lib/gcc/aarch64-linux-gnu/11/../../..] ==> [/usr/lib]
  implicit libs: [stdc++;m;gcc_s;gcc;c;gcc_s;gcc]
  implicit objs: [/usr/lib/aarch64-linux-gnu/Scrt1.o;/usr/lib/aarch64-linux-gnu/crti.o;/usr/lib/gcc/aarch64-linux-gnu/11/crtbeginS.o;/usr/lib/gcc/aarch64-linux-gnu/11/crtendS.o;/usr/lib/aarch64-linux-gnu/crtn.o]
  implicit dirs: [/usr/lib/gcc/aarch64-linux-gnu/11;/usr/lib/aarch64-linux-gnu;/usr/lib;/lib/aarch64-linux-gnu;/lib]
  implicit fwks: []


Detecting C compiler ABI info compiled with the following output:
Change Dir: /home/debix/gocv-buildopencv/opencv-4.10.0/build/CMakeFiles/CMakeTmp

Run Build Command(s):/usr/bin/gmake -f Makefile cmTC_1428b/fast && gmake[1]: Entering directory '/home/debix/gocv-buildopencv/opencv-4.10.0/build/CMakeFiles/CMakeTmp'
/usr/bin/gmake  -f CMakeFiles/cmTC_1428b.dir/build.make CMakeFiles/cmTC_1428b.dir/build
gmake[2]: Entering directory '/home/debix/gocv-buildopencv/opencv-4.10.0/build/CMakeFiles/CMakeTmp'
/usr/bin/cmake: /usr/lib/libcurl.so.4: no version information available (required by /usr/bin/cmake)
Building C object CMakeFiles/cmTC_1428b.dir/CMakeCCompilerABI.c.o
/usr/bin/cc   -fPIE   -v -o CMakeFiles/cmTC_1428b.dir/CMakeCCompilerABI.c.o -c /usr/share/cmake-3.22/Modules/CMakeCCompilerABI.c
Using built-in specs.
COLLECT_GCC=/usr/bin/cc
Target: aarch64-linux-gnu
Configured with: ../src/configure -v --with-pkgversion='Ubuntu 11.4.0-1ubuntu1~22.04' --with-bugurl=file:///usr/share/doc/gcc-11/README.Bugs --enable-languages=c,ada,c++,go,d,fortran,objc,obj-c++,m2 --prefix=/usr --with-gcc-major-version-only --program-suffix=-11 --program-prefix=aarch64-linux-gnu- --enable-shared --enable-linker-build-id --libexecdir=/usr/lib --without-included-gettext --enable-threads=posix --libdir=/usr/lib --enable-nls --enable-bootstrap --enable-clocale=gnu --enable-libstdcxx-debug --enable-libstdcxx-time=yes --with-default-libstdcxx-abi=new --enable-gnu-unique-object --disable-libquadmath --disable-libquadmath-support --enable-plugin --enable-default-pie --with-system-zlib --enable-libphobos-checking=release --with-target-system-zlib=auto --enable-objc-gc=auto --enable-multiarch --enable-fix-cortex-a53-843419 --disable-werror --enable-checking=release --build=aarch64-linux-gnu --host=aarch64-linux-gnu --target=aarch64-linux-gnu --with-build-config=bootstrap-lto-lean --enable-link-serialization=2
Thread model: posix
Supported LTO compression algorithms: zlib zstd
gcc version 11.4.0 (Ubuntu 11.4.0-1ubuntu1~22.04) 
COLLECT_GCC_OPTIONS='-fPIE' '-v' '-o' 'CMakeFiles/cmTC_1428b.dir/CMakeCCompilerABI.c.o' '-c' '-mlittle-endian' '-mabi=lp64' '-dumpdir' 'CMakeFiles/cmTC_1428b.dir/'
 /usr/lib/gcc/aarch64-linux-gnu/11/cc1 -quiet -v -imultiarch aarch64-linux-gnu /usr/share/cmake-3.22/Modules/CMakeCCompilerABI.c -quiet -dumpdir CMakeFiles/cmTC_1428b.dir/ -dumpbase CMakeCCompilerABI.c.c -dumpbase-ext .c -mlittle-endian -mabi=lp64 -version -fPIE -fasynchronous-unwind-tables -fstack-protector-strong -Wformat -Wformat-security -fstack-clash-protection -o /tmp/cclMKuG1.s
GNU C17 (Ubuntu 11.4.0-1ubuntu1~22.04) version 11.4.0 (aarch64-linux-gnu)
	compiled by GNU C version 11.4.0, GMP version 6.2.1, MPFR version 4.1.0, MPC version 1.2.1, isl version isl-0.24-GMP

GGC heuristics: --param ggc-min-expand=100 --param ggc-min-heapsize=131072
ignoring nonexistent directory "/usr/local/include/aarch64-linux-gnu"
ignoring nonexistent directory "/usr/lib/gcc/aarch64-linux-gnu/11/include-fixed"
ignoring nonexistent directory "/usr/lib/gcc/aarch64-linux-gnu/11/../../../../aarch64-linux-gnu/include"
#include "..." search starts here:
#include <...> search starts here:
 /usr/lib/gcc/aarch64-linux-gnu/11/include
 /usr/local/include
 /usr/include/aarch64-linux-gnu
 /usr/include
End of search list.
GNU C17 (Ubuntu 11.4.0-1ubuntu1~22.04) version 11.4.0 (aarch64-linux-gnu)
	compiled by GNU C version 11.4.0, GMP version 6.2.1, MPFR version 4.1.0, MPC version 1.2.1, isl version isl-0.24-GMP

GGC heuristics: --param ggc-min-expand=100 --param ggc-min-heapsize=131072
Compiler executable checksum: 52ed857e9cd110e5efaa797811afcfbb
COLLECT_GCC_OPTIONS='-fPIE' '-v' '-o' 'CMakeFiles/cmTC_1428b.dir/CMakeCCompilerABI.c.o' '-c' '-mlittle-endian' '-mabi=lp64' '-dumpdir' 'CMakeFiles/cmTC_1428b.dir/'
 as -v -EL -mabi=lp64 -o CMakeFiles/cmTC_1428b.dir/CMakeCCompilerABI.c.o /tmp/cclMKuG1.s
GNU assembler version 2.38 (aarch64-linux-gnu) using BFD version (GNU Binutils for Ubuntu) 2.38
COMPILER_PATH=/usr/lib/gcc/aarch64-linux-gnu/11/:/usr/lib/gcc/aarch64-linux-gnu/11/:/usr/lib/gcc/aarch64-linux-gnu/:/usr/lib/gcc/aarch64-linux-gnu/11/:/usr/lib/gcc/aarch64-linux-gnu/
LIBRARY_PATH=/usr/lib/gcc/aarch64-linux-gnu/11/:/usr/lib/gcc/aarch64-linux-gnu/11/../../../aarch64-linux-gnu/:/usr/lib/gcc/aarch64-linux-gnu/11/../../../../lib/:/lib/aarch64-linux-gnu/:/lib/../lib/:/usr/lib/aarch64-linux-gnu/:/usr/lib/../lib/:/usr/lib/gcc/aarch64-linux-gnu/11/../../../:/lib/:/usr/lib/
COLLECT_GCC_OPTIONS='-fPIE' '-v' '-o' 'CMakeFiles/cmTC_1428b.dir/CMakeCCompilerABI.c.o' '-c' '-mlittle-endian' '-mabi=lp64' '-dumpdir' 'CMakeFiles/cmTC_1428b.dir/CMakeCCompilerABI.c.'
/usr/bin/cmake: /usr/lib/libcurl.so.4: no version information available (required by /usr/bin/cmake)
Linking C executable cmTC_1428b
/usr/bin/cmake -E cmake_link_script CMakeFiles/cmTC_1428b.dir/link.txt --verbose=1
/usr/bin/cmake: /usr/lib/libcurl.so.4: no version information available (required by /usr/bin/cmake)
/usr/bin/cc  -v CMakeFiles/cmTC_1428b.dir/CMakeCCompilerABI.c.o -o cmTC_1428b 
Using built-in specs.
COLLECT_GCC=/usr/bin/cc
COLLECT_LTO_WRAPPER=/usr/lib/gcc/aarch64-linux-gnu/11/lto-wrapper
Target: aarch64-linux-gnu
Configured with: ../src/configure -v --with-pkgversion='Ubuntu 11.4.0-1ubuntu1~22.04' --with-bugurl=file:///usr/share/doc/gcc-11/README.Bugs --enable-languages=c,ada,c++,go,d,fortran,objc,obj-c++,m2 --prefix=/usr --with-gcc-major-version-only --program-suffix=-11 --program-prefix=aarch64-linux-gnu- --enable-shared --enable-linker-build-id --libexecdir=/usr/lib --without-included-gettext --enable-threads=posix --libdir=/usr/lib --enable-nls --enable-bootstrap --enable-clocale=gnu --enable-libstdcxx-debug --enable-libstdcxx-time=yes --with-default-libstdcxx-abi=new --enable-gnu-unique-object --disable-libquadmath --disable-libquadmath-support --enable-plugin --enable-default-pie --with-system-zlib --enable-libphobos-checking=release --with-target-system-zlib=auto --enable-objc-gc=auto --enable-multiarch --enable-fix-cortex-a53-843419 --disable-werror --enable-checking=release --build=aarch64-linux-gnu --host=aarch64-linux-gnu --target=aarch64-linux-gnu --with-build-config=bootstrap-lto-lean --enable-link-serialization=2
Thread model: posix
Supported LTO compression algorithms: zlib zstd
gcc version 11.4.0 (Ubuntu 11.4.0-1ubuntu1~22.04) 
COMPILER_PATH=/usr/lib/gcc/aarch64-linux-gnu/11/:/usr/lib/gcc/aarch64-linux-gnu/11/:/usr/lib/gcc/aarch64-linux-gnu/:/usr/lib/gcc/aarch64-linux-gnu/11/:/usr/lib/gcc/aarch64-linux-gnu/
LIBRARY_PATH=/usr/lib/gcc/aarch64-linux-gnu/11/:/usr/lib/gcc/aarch64-linux-gnu/11/../../../aarch64-linux-gnu/:/usr/lib/gcc/aarch64-linux-gnu/11/../../../../lib/:/lib/aarch64-linux-gnu/:/lib/../lib/:/usr/lib/aarch64-linux-gnu/:/usr/lib/../lib/:/usr/lib/gcc/aarch64-linux-gnu/11/../../../:/lib/:/usr/lib/
COLLECT_GCC_OPTIONS='-v' '-o' 'cmTC_1428b' '-mlittle-endian' '-mabi=lp64' '-dumpdir' 'cmTC_1428b.'
 /usr/lib/gcc/aarch64-linux-gnu/11/collect2 -plugin /usr/lib/gcc/aarch64-linux-gnu/11/liblto_plugin.so -plugin-opt=/usr/lib/gcc/aarch64-linux-gnu/11/lto-wrapper -plugin-opt=-fresolution=/tmp/ccpotTIN.res -plugin-opt=-pass-through=-lgcc -plugin-opt=-pass-through=-lgcc_s -plugin-opt=-pass-through=-lc -plugin-opt=-pass-through=-lgcc -plugin-opt=-pass-through=-lgcc_s --build-id --eh-frame-hdr --hash-style=gnu --as-needed -dynamic-linker /lib/ld-linux-aarch64.so.1 -X -EL -maarch64linux --fix-cortex-a53-843419 -pie -z now -z relro -o cmTC_1428b /usr/lib/gcc/aarch64-linux-gnu/11/../../../aarch64-linux-gnu/Scrt1.o /usr/lib/gcc/aarch64-linux-gnu/11/../../../aarch64-linux-gnu/crti.o /usr/lib/gcc/aarch64-linux-gnu/11/crtbeginS.o -L/usr/lib/gcc/aarch64-linux-gnu/11 -L/usr/lib/gcc/aarch64-linux-gnu/11/../../../aarch64-linux-gnu -L/usr/lib/gcc/aarch64-linux-gnu/11/../../../../lib -L/lib/aarch64-linux-gnu -L/lib/../lib -L/usr/lib/aarch64-linux-gnu -L/usr/lib/../lib -L/usr/lib/gcc/aarch64-linux-gnu/11/../../.. CMakeFiles/cmTC_1428b.dir/CMakeCCompilerABI.c.o -lgcc --push-state --as-needed -lgcc_s --pop-state -lc -lgcc --push-state --as-needed -lgcc_s --pop-state /usr/lib/gcc/aarch64-linux-gnu/11/crtendS.o /usr/lib/gcc/aarch64-linux-gnu/11/../../../aarch64-linux-gnu/crtn.o
COLLECT_GCC_OPTIONS='-v' '-o' 'cmTC_1428b' '-mlittle-endian' '-mabi=lp64' '-dumpdir' 'cmTC_1428b.'
gmake[2]: Leaving directory '/home/debix/gocv-buildopencv/opencv-4.10.0/build/CMakeFiles/CMakeTmp'
gmake[1]: Leaving directory '/home/debix/gocv-buildopencv/opencv-4.10.0/build/CMakeFiles/CMakeTmp'



Parsed C implicit include dir info from above output: rv=done
  found start of include info
  found start of implicit include info
    add: [/usr/lib/gcc/aarch64-linux-gnu/11/include]
    add: [/usr/local/include]
    add: [/usr/include/aarch64-linux-gnu]
    add: [/usr/include]
  end of search list found
  collapse include dir [/usr/lib/gcc/aarch64-linux-gnu/11/include] ==> [/usr/lib/gcc/aarch64-linux-gnu/11/include]
  collapse include dir [/usr/local/include] ==> [/usr/local/include]
  collapse include dir [/usr/include/aarch64-linux-gnu] ==> [/usr/include/aarch64-linux-gnu]
  collapse include dir [/usr/include] ==> [/usr/include]
  implicit include dirs: [/usr/lib/gcc/aarch64-linux-gnu/11/include;/usr/local/include;/usr/include/aarch64-linux-gnu;/usr/include]


Parsed C implicit link information from above output:
  link line regex: [^( *|.*[/\])(ld|CMAKE_LINK_STARTFILE-NOTFOUND|([^/\]+-)?ld|collect2)[^/\]*( |$)]
  ignore line: [Change Dir: /home/debix/gocv-buildopencv/opencv-4.10.0/build/CMakeFiles/CMakeTmp]
  ignore line: []
  ignore line: [Run Build Command(s):/usr/bin/gmake -f Makefile cmTC_1428b/fast && gmake[1]: Entering directory '/home/debix/gocv-buildopencv/opencv-4.10.0/build/CMakeFiles/CMakeTmp']
  ignore line: [/usr/bin/gmake  -f CMakeFiles/cmTC_1428b.dir/build.make CMakeFiles/cmTC_1428b.dir/build]
  ignore line: [gmake[2]: Entering directory '/home/debix/gocv-buildopencv/opencv-4.10.0/build/CMakeFiles/CMakeTmp']
  ignore line: [/usr/bin/cmake: /usr/lib/libcurl.so.4: no version information available (required by /usr/bin/cmake)]
  ignore line: [Building C object CMakeFiles/cmTC_1428b.dir/CMakeCCompilerABI.c.o]
  ignore line: [/usr/bin/cc   -fPIE   -v -o CMakeFiles/cmTC_1428b.dir/CMakeCCompilerABI.c.o -c /usr/share/cmake-3.22/Modules/CMakeCCompilerABI.c]
  ignore line: [Using built-in specs.]
  ignore line: [COLLECT_GCC=/usr/bin/cc]
  ignore line: [Target: aarch64-linux-gnu]
  ignore line: [Configured with: ../src/configure -v --with-pkgversion='Ubuntu 11.4.0-1ubuntu1~22.04' --with-bugurl=file:///usr/share/doc/gcc-11/README.Bugs --enable-languages=c ada c++ go d fortran objc obj-c++ m2 --prefix=/usr --with-gcc-major-version-only --program-suffix=-11 --program-prefix=aarch64-linux-gnu- --enable-shared --enable-linker-build-id --libexecdir=/usr/lib --without-included-gettext --enable-threads=posix --libdir=/usr/lib --enable-nls --enable-bootstrap --enable-clocale=gnu --enable-libstdcxx-debug --enable-libstdcxx-time=yes --with-default-libstdcxx-abi=new --enable-gnu-unique-object --disable-libquadmath --disable-libquadmath-support --enable-plugin --enable-default-pie --with-system-zlib --enable-libphobos-checking=release --with-target-system-zlib=auto --enable-objc-gc=auto --enable-multiarch --enable-fix-cortex-a53-843419 --disable-werror --enable-checking=release --build=aarch64-linux-gnu --host=aarch64-linux-gnu --target=aarch64-linux-gnu --with-build-config=bootstrap-lto-lean --enable-link-serialization=2]
  ignore line: [Thread model: posix]
  ignore line: [Supported LTO compression algorithms: zlib zstd]
  ignore line: [gcc version 11.4.0 (Ubuntu 11.4.0-1ubuntu1~22.04) ]
  ignore line: [COLLECT_GCC_OPTIONS='-fPIE' '-v' '-o' 'CMakeFiles/cmTC_1428b.dir/CMakeCCompilerABI.c.o' '-c' '-mlittle-endian' '-mabi=lp64' '-dumpdir' 'CMakeFiles/cmTC_1428b.dir/']
  ignore line: [ /usr/lib/gcc/aarch64-linux-gnu/11/cc1 -quiet -v -imultiarch aarch64-linux-gnu /usr/share/cmake-3.22/Modules/CMakeCCompilerABI.c -quiet -dumpdir CMakeFiles/cmTC_1428b.dir/ -dumpbase CMakeCCompilerABI.c.c -dumpbase-ext .c -mlittle-endian -mabi=lp64 -version -fPIE -fasynchronous-unwind-tables -fstack-protector-strong -Wformat -Wformat-security -fstack-clash-protection -o /tmp/cclMKuG1.s]
  ignore line: [GNU C17 (Ubuntu 11.4.0-1ubuntu1~22.04) version 11.4.0 (aarch64-linux-gnu)]
  ignore line: [	compiled by GNU C version 11.4.0  GMP version 6.2.1  MPFR version 4.1.0  MPC version 1.2.1  isl version isl-0.24-GMP]
  ignore line: []
  ignore line: [GGC heuristics: --param ggc-min-expand=100 --param ggc-min-heapsize=131072]
  ignore line: [ignoring nonexistent directory "/usr/local/include/aarch64-linux-gnu"]
  ignore line: [ignoring nonexistent directory "/usr/lib/gcc/aarch64-linux-gnu/11/include-fixed"]
  ignore line: [ignoring nonexistent directory "/usr/lib/gcc/aarch64-linux-gnu/11/../../../../aarch64-linux-gnu/include"]
  ignore line: [#include "..." search starts here:]
  ignore line: [#include <...> search starts here:]
  ignore line: [ /usr/lib/gcc/aarch64-linux-gnu/11/include]
  ignore line: [ /usr/local/include]
  ignore line: [ /usr/include/aarch64-linux-gnu]
  ignore line: [ /usr/include]
  ignore line: [End of search list.]
  ignore line: [GNU C17 (Ubuntu 11.4.0-1ubuntu1~22.04) version 11.4.0 (aarch64-linux-gnu)]
  ignore line: [	compiled by GNU C version 11.4.0  GMP version 6.2.1  MPFR version 4.1.0  MPC version 1.2.1  isl version isl-0.24-GMP]
  ignore line: []
  ignore line: [GGC heuristics: --param ggc-min-expand=100 --param ggc-min-heapsize=131072]
  ignore line: [Compiler executable checksum: 52ed857e9cd110e5efaa797811afcfbb]
  ignore line: [COLLECT_GCC_OPTIONS='-fPIE' '-v' '-o' 'CMakeFiles/cmTC_1428b.dir/CMakeCCompilerABI.c.o' '-c' '-mlittle-endian' '-mabi=lp64' '-dumpdir' 'CMakeFiles/cmTC_1428b.dir/']
  ignore line: [ as -v -EL -mabi=lp64 -o CMakeFiles/cmTC_1428b.dir/CMakeCCompilerABI.c.o /tmp/cclMKuG1.s]
  ignore line: [GNU assembler version 2.38 (aarch64-linux-gnu) using BFD version (GNU Binutils for Ubuntu) 2.38]
  ignore line: [COMPILER_PATH=/usr/lib/gcc/aarch64-linux-gnu/11/:/usr/lib/gcc/aarch64-linux-gnu/11/:/usr/lib/gcc/aarch64-linux-gnu/:/usr/lib/gcc/aarch64-linux-gnu/11/:/usr/lib/gcc/aarch64-linux-gnu/]
  ignore line: [LIBRARY_PATH=/usr/lib/gcc/aarch64-linux-gnu/11/:/usr/lib/gcc/aarch64-linux-gnu/11/../../../aarch64-linux-gnu/:/usr/lib/gcc/aarch64-linux-gnu/11/../../../../lib/:/lib/aarch64-linux-gnu/:/lib/../lib/:/usr/lib/aarch64-linux-gnu/:/usr/lib/../lib/:/usr/lib/gcc/aarch64-linux-gnu/11/../../../:/lib/:/usr/lib/]
  ignore line: [COLLECT_GCC_OPTIONS='-fPIE' '-v' '-o' 'CMakeFiles/cmTC_1428b.dir/CMakeCCompilerABI.c.o' '-c' '-mlittle-endian' '-mabi=lp64' '-dumpdir' 'CMakeFiles/cmTC_1428b.dir/CMakeCCompilerABI.c.']
  ignore line: [/usr/bin/cmake: /usr/lib/libcurl.so.4: no version information available (required by /usr/bin/cmake)]
  ignore line: [Linking C executable cmTC_1428b]
  ignore line: [/usr/bin/cmake -E cmake_link_script CMakeFiles/cmTC_1428b.dir/link.txt --verbose=1]
  ignore line: [/usr/bin/cmake: /usr/lib/libcurl.so.4: no version information available (required by /usr/bin/cmake)]
  ignore line: [/usr/bin/cc  -v CMakeFiles/cmTC_1428b.dir/CMakeCCompilerABI.c.o -o cmTC_1428b ]
  ignore line: [Using built-in specs.]
  ignore line: [COLLECT_GCC=/usr/bin/cc]
  ignore line: [COLLECT_LTO_WRAPPER=/usr/lib/gcc/aarch64-linux-gnu/11/lto-wrapper]
  ignore line: [Target: aarch64-linux-gnu]
  ignore line: [Configured with: ../src/configure -v --with-pkgversion='Ubuntu 11.4.0-1ubuntu1~22.04' --with-bugurl=file:///usr/share/doc/gcc-11/README.Bugs --enable-languages=c ada c++ go d fortran objc obj-c++ m2 --prefix=/usr --with-gcc-major-version-only --program-suffix=-11 --program-prefix=aarch64-linux-gnu- --enable-shared --enable-linker-build-id --libexecdir=/usr/lib --without-included-gettext --enable-threads=posix --libdir=/usr/lib --enable-nls --enable-bootstrap --enable-clocale=gnu --enable-libstdcxx-debug --enable-libstdcxx-time=yes --with-default-libstdcxx-abi=new --enable-gnu-unique-object --disable-libquadmath --disable-libquadmath-support --enable-plugin --enable-default-pie --with-system-zlib --enable-libphobos-checking=release --with-target-system-zlib=auto --enable-objc-gc=auto --enable-multiarch --enable-fix-cortex-a53-843419 --disable-werror --enable-checking=release --build=aarch64-linux-gnu --host=aarch64-linux-gnu --target=aarch64-linux-gnu --with-build-config=bootstrap-lto-lean --enable-link-serialization=2]
  ignore line: [Thread model: posix]
  ignore line: [Supported LTO compression algorithms: zlib zstd]
  ignore line: [gcc version 11.4.0 (Ubuntu 11.4.0-1ubuntu1~22.04) ]
  ignore line: [COMPILER_PATH=/usr/lib/gcc/aarch64-linux-gnu/11/:/usr/lib/gcc/aarch64-linux-gnu/11/:/usr/lib/gcc/aarch64-linux-gnu/:/usr/lib/gcc/aarch64-linux-gnu/11/:/usr/lib/gcc/aarch64-linux-gnu/]
  ignore line: [LIBRARY_PATH=/usr/lib/gcc/aarch64-linux-gnu/11/:/usr/lib/gcc/aarch64-linux-gnu/11/../../../aarch64-linux-gnu/:/usr/lib/gcc/aarch64-linux-gnu/11/../../../../lib/:/lib/aarch64-linux-gnu/:/lib/../lib/:/usr/lib/aarch64-linux-gnu/:/usr/lib/../lib/:/usr/lib/gcc/aarch64-linux-gnu/11/../../../:/lib/:/usr/lib/]
  ignore line: [COLLECT_GCC_OPTIONS='-v' '-o' 'cmTC_1428b' '-mlittle-endian' '-mabi=lp64' '-dumpdir' 'cmTC_1428b.']
  link line: [ /usr/lib/gcc/aarch64-linux-gnu/11/collect2 -plugin /usr/lib/gcc/aarch64-linux-gnu/11/liblto_plugin.so -plugin-opt=/usr/lib/gcc/aarch64-linux-gnu/11/lto-wrapper -plugin-opt=-fresolution=/tmp/ccpotTIN.res -plugin-opt=-pass-through=-lgcc -plugin-opt=-pass-through=-lgcc_s -plugin-opt=-pass-through=-lc -plugin-opt=-pass-through=-lgcc -plugin-opt=-pass-through=-lgcc_s --build-id --eh-frame-hdr --hash-style=gnu --as-needed -dynamic-linker /lib/ld-linux-aarch64.so.1 -X -EL -maarch64linux --fix-cortex-a53-843419 -pie -z now -z relro -o cmTC_1428b /usr/lib/gcc/aarch64-linux-gnu/11/../../../aarch64-linux-gnu/Scrt1.o /usr/lib/gcc/aarch64-linux-gnu/11/../../../aarch64-linux-gnu/crti.o /usr/lib/gcc/aarch64-linux-gnu/11/crtbeginS.o -L/usr/lib/gcc/aarch64-linux-gnu/11 -L/usr/lib/gcc/aarch64-linux-gnu/11/../../../aarch64-linux-gnu -L/usr/lib/gcc/aarch64-linux-gnu/11/../../../../lib -L/lib/aarch64-linux-gnu -L/lib/../lib -L/usr/lib/aarch64-linux-gnu -L/usr/lib/../lib -L/usr/lib/gcc/aarch64-linux-gnu/11/../../.. CMakeFiles/cmTC_1428b.dir/CMakeCCompilerABI.c.o -lgcc --push-state --as-needed -lgcc_s --pop-state -lc -lgcc --push-state --as-needed -lgcc_s --pop-state /usr/lib/gcc/aarch64-linux-gnu/11/crtendS.o /usr/lib/gcc/aarch64-linux-gnu/11/../../../aarch64-linux-gnu/crtn.o]
    arg [/usr/lib/gcc/aarch64-linux-gnu/11/collect2] ==> ignore
    arg [-plugin] ==> ignore
    arg [/usr/lib/gcc/aarch64-linux-gnu/11/liblto_plugin.so] ==> ignore
    arg [-plugin-opt=/usr/lib/gcc/aarch64-linux-gnu/11/lto-wrapper] ==> ignore
    arg [-plugin-opt=-fresolution=/tmp/ccpotTIN.res] ==> ignore
    arg [-plugin-opt=-pass-through=-lgcc] ==> ignore
    arg [-plugin-opt=-pass-through=-lgcc_s] ==> ignore
    arg [-plugin-opt=-pass-through=-lc] ==> ignore
    arg [-plugin-opt=-pass-through=-lgcc] ==> ignore
    arg [-plugin-opt=-pass-through=-lgcc_s] ==> ignore
    arg [--build-id] ==> ignore
    arg [--eh-frame-hdr] ==> ignore
    arg [--hash-style=gnu] ==> ignore
    arg [--as-needed] ==> ignore
    arg [-dynamic-linker] ==> ignore
    arg [/lib/ld-linux-aarch64.so.1] ==> ignore
    arg [-X] ==> ignore
    arg [-EL] ==> ignore
    arg [-maarch64linux] ==> ignore
    arg [--fix-cortex-a53-843419] ==> ignore
    arg [-pie] ==> ignore
    arg [-znow] ==> ignore
    arg [-zrelro] ==> ignore
    arg [-o] ==> ignore
    arg [cmTC_1428b] ==> ignore
    arg [/usr/lib/gcc/aarch64-linux-gnu/11/../../../aarch64-linux-gnu/Scrt1.o] ==> obj [/usr/lib/gcc/aarch64-linux-gnu/11/../../../aarch64-linux-gnu/Scrt1.o]
    arg [/usr/lib/gcc/aarch64-linux-gnu/11/../../../aarch64-linux-gnu/crti.o] ==> obj [/usr/lib/gcc/aarch64-linux-gnu/11/../../../aarch64-linux-gnu/crti.o]
    arg [/usr/lib/gcc/aarch64-linux-gnu/11/crtbeginS.o] ==> obj [/usr/lib/gcc/aarch64-linux-gnu/11/crtbeginS.o]
    arg [-L/usr/lib/gcc/aarch64-linux-gnu/11] ==> dir [/usr/lib/gcc/aarch64-linux-gnu/11]
    arg [-L/usr/lib/gcc/aarch64-linux-gnu/11/../../../aarch64-linux-gnu] ==> dir [/usr/lib/gcc/aarch64-linux-gnu/11/../../../aarch64-linux-gnu]
    arg [-L/usr/lib/gcc/aarch64-linux-gnu/11/../../../../lib] ==> dir [/usr/lib/gcc/aarch64-linux-gnu/11/../../../../lib]
    arg [-L/lib/aarch64-linux-gnu] ==> dir [/lib/aarch64-linux-gnu]
    arg [-L/lib/../lib] ==> dir [/lib/../lib]
    arg [-L/usr/lib/aarch64-linux-gnu] ==> dir [/usr/lib/aarch64-linux-gnu]
    arg [-L/usr/lib/../lib] ==> dir [/usr/lib/../lib]
    arg [-L/usr/lib/gcc/aarch64-linux-gnu/11/../../..] ==> dir [/usr/lib/gcc/aarch64-linux-gnu/11/../../..]
    arg [CMakeFiles/cmTC_1428b.dir/CMakeCCompilerABI.c.o] ==> ignore
    arg [-lgcc] ==> lib [gcc]
    arg [--push-state] ==> ignore
    arg [--as-needed] ==> ignore
    arg [-lgcc_s] ==> lib [gcc_s]
    arg [--pop-state] ==> ignore
    arg [-lc] ==> lib [c]
    arg [-lgcc] ==> lib [gcc]
    arg [--push-state] ==> ignore
    arg [--as-needed] ==> ignore
    arg [-lgcc_s] ==> lib [gcc_s]
    arg [--pop-state] ==> ignore
    arg [/usr/lib/gcc/aarch64-linux-gnu/11/crtendS.o] ==> obj [/usr/lib/gcc/aarch64-linux-gnu/11/crtendS.o]
    arg [/usr/lib/gcc/aarch64-linux-gnu/11/../../../aarch64-linux-gnu/crtn.o] ==> obj [/usr/lib/gcc/aarch64-linux-gnu/11/../../../aarch64-linux-gnu/crtn.o]
  collapse obj [/usr/lib/gcc/aarch64-linux-gnu/11/../../../aarch64-linux-gnu/Scrt1.o] ==> [/usr/lib/aarch64-linux-gnu/Scrt1.o]
  collapse obj [/usr/lib/gcc/aarch64-linux-gnu/11/../../../aarch64-linux-gnu/crti.o] ==> [/usr/lib/aarch64-linux-gnu/crti.o]
  collapse obj [/usr/lib/gcc/aarch64-linux-gnu/11/../../../aarch64-linux-gnu/crtn.o] ==> [/usr/lib/aarch64-linux-gnu/crtn.o]
  collapse library dir [/usr/lib/gcc/aarch64-linux-gnu/11] ==> [/usr/lib/gcc/aarch64-linux-gnu/11]
  collapse library dir [/usr/lib/gcc/aarch64-linux-gnu/11/../../../aarch64-linux-gnu] ==> [/usr/lib/aarch64-linux-gnu]
  collapse library dir [/usr/lib/gcc/aarch64-linux-gnu/11/../../../../lib] ==> [/usr/lib]
  collapse library dir [/lib/aarch64-linux-gnu] ==> [/lib/aarch64-linux-gnu]
  collapse library dir [/lib/../lib] ==> [/lib]
  collapse library dir [/usr/lib/aarch64-linux-gnu] ==> [/usr/lib/aarch64-linux-gnu]
  collapse library dir [/usr/lib/../lib] ==> [/usr/lib]
  collapse library dir [/usr/lib/gcc/aarch64-linux-gnu/11/../../..] ==> [/usr/lib]
  implicit libs: [gcc;gcc_s;c;gcc;gcc_s]
  implicit objs: [/usr/lib/aarch64-linux-gnu/Scrt1.o;/usr/lib/aarch64-linux-gnu/crti.o;/usr/lib/gcc/aarch64-linux-gnu/11/crtbeginS.o;/usr/lib/gcc/aarch64-linux-gnu/11/crtendS.o;/usr/lib/aarch64-linux-gnu/crtn.o]
  implicit dirs: [/usr/lib/gcc/aarch64-linux-gnu/11;/usr/lib/aarch64-linux-gnu;/usr/lib;/lib/aarch64-linux-gnu;/lib]
  implicit fwks: []


Determining if the include file pthread.h exists passed with the following output:
Change Dir: /home/debix/gocv-buildopencv/opencv-4.10.0/build/CMakeFiles/CMakeTmp

Run Build Command(s):/usr/bin/gmake -f Makefile cmTC_c3346/fast && gmake[1]: Entering directory '/home/debix/gocv-buildopencv/opencv-4.10.0/build/CMakeFiles/CMakeTmp'
/usr/bin/gmake  -f CMakeFiles/cmTC_c3346.dir/build.make CMakeFiles/cmTC_c3346.dir/build
gmake[2]: Entering directory '/home/debix/gocv-buildopencv/opencv-4.10.0/build/CMakeFiles/CMakeTmp'
/usr/bin/cmake: /usr/lib/libcurl.so.4: no version information available (required by /usr/bin/cmake)
Building C object CMakeFiles/cmTC_c3346.dir/CheckIncludeFile.c.o
/usr/bin/cc   -fsigned-char -W -Wall -Wreturn-type -Waddress -Wsequence-point -Wformat -Wformat-security -Wmissing-declarations -Wmissing-prototypes -Wstrict-prototypes -Wundef -Winit-self -Wpointer-arith -Wshadow -Wuninitialized -Wno-comment -Wimplicit-fallthrough=3 -Wno-strict-overflow -fdiagnostics-show-option -pthread -fomit-frame-pointer -ffunction-sections -fdata-sections    -fvisibility=hidden  -O3 -DNDEBUG  -DNDEBUG -fPIE -o CMakeFiles/cmTC_c3346.dir/CheckIncludeFile.c.o -c /home/debix/gocv-buildopencv/opencv-4.10.0/build/CMakeFiles/CMakeTmp/CheckIncludeFile.c
/usr/bin/cmake: /usr/lib/libcurl.so.4: no version information available (required by /usr/bin/cmake)
Linking C executable cmTC_c3346
/usr/bin/cmake -E cmake_link_script CMakeFiles/cmTC_c3346.dir/link.txt --verbose=1
/usr/bin/cmake: /usr/lib/libcurl.so.4: no version information available (required by /usr/bin/cmake)
/usr/bin/cc    -fsigned-char -W -Wall -Wreturn-type -Waddress -Wsequence-point -Wformat -Wformat-security -Wmissing-declarations -Wmissing-prototypes -Wstrict-prototypes -Wundef -Winit-self -Wpointer-arith -Wshadow -Wuninitialized -Wno-comment -Wimplicit-fallthrough=3 -Wno-strict-overflow -fdiagnostics-show-option -pthread -fomit-frame-pointer -ffunction-sections -fdata-sections    -fvisibility=hidden  -O3 -DNDEBUG  -DNDEBUG   -Wl,--gc-sections -Wl,--as-needed -Wl,--no-undefined  CMakeFiles/cmTC_c3346.dir/CheckIncludeFile.c.o -o cmTC_c3346 
gmake[2]: Leaving directory '/home/debix/gocv-buildopencv/opencv-4.10.0/build/CMakeFiles/CMakeTmp'
gmake[1]: Leaving directory '/home/debix/gocv-buildopencv/opencv-4.10.0/build/CMakeFiles/CMakeTmp'



Determining if the posix_memalign exist passed with the following output:
Change Dir: /home/debix/gocv-buildopencv/opencv-4.10.0/build/CMakeFiles/CMakeTmp

Run Build Command(s):/usr/bin/gmake -f Makefile cmTC_f165f/fast && gmake[1]: Entering directory '/home/debix/gocv-buildopencv/opencv-4.10.0/build/CMakeFiles/CMakeTmp'
/usr/bin/gmake  -f CMakeFiles/cmTC_f165f.dir/build.make CMakeFiles/cmTC_f165f.dir/build
gmake[2]: Entering directory '/home/debix/gocv-buildopencv/opencv-4.10.0/build/CMakeFiles/CMakeTmp'
/usr/bin/cmake: /usr/lib/libcurl.so.4: no version information available (required by /usr/bin/cmake)
Building C object CMakeFiles/cmTC_f165f.dir/CheckSymbolExists.c.o
/usr/bin/cc   -fsigned-char -W -Wall -Wreturn-type -Waddress -Wsequence-point -Wformat -Wformat-security -Wmissing-declarations -Wmissing-prototypes -Wstrict-prototypes -Wundef -Winit-self -Wpointer-arith -Wshadow -Wuninitialized -Wno-comment -Wimplicit-fallthrough=3 -Wno-strict-overflow -fdiagnostics-show-option -pthread -fomit-frame-pointer -ffunction-sections -fdata-sections    -fvisibility=hidden  -O3 -DNDEBUG  -DNDEBUG -fPIE -o CMakeFiles/cmTC_f165f.dir/CheckSymbolExists.c.o -c /home/debix/gocv-buildopencv/opencv-4.10.0/build/CMakeFiles/CMakeTmp/CheckSymbolExists.c
/usr/bin/cmake: /usr/lib/libcurl.so.4: no version information available (required by /usr/bin/cmake)
Linking C executable cmTC_f165f
/usr/bin/cmake -E cmake_link_script CMakeFiles/cmTC_f165f.dir/link.txt --verbose=1
/usr/bin/cmake: /usr/lib/libcurl.so.4: no version information available (required by /usr/bin/cmake)
/usr/bin/cc    -fsigned-char -W -Wall -Wreturn-type -Waddress -Wsequence-point -Wformat -Wformat-security -Wmissing-declarations -Wmissing-prototypes -Wstrict-prototypes -Wundef -Winit-self -Wpointer-arith -Wshadow -Wuninitialized -Wno-comment -Wimplicit-fallthrough=3 -Wno-strict-overflow -fdiagnostics-show-option -pthread -fomit-frame-pointer -ffunction-sections -fdata-sections    -fvisibility=hidden  -O3 -DNDEBUG  -DNDEBUG   -Wl,--gc-sections -Wl,--as-needed -Wl,--no-undefined  CMakeFiles/cmTC_f165f.dir/CheckSymbolExists.c.o -o cmTC_f165f 
gmake[2]: Leaving directory '/home/debix/gocv-buildopencv/opencv-4.10.0/build/CMakeFiles/CMakeTmp'
gmake[1]: Leaving directory '/home/debix/gocv-buildopencv/opencv-4.10.0/build/CMakeFiles/CMakeTmp'


File /home/debix/gocv-buildopencv/opencv-4.10.0/build/CMakeFiles/CMakeTmp/CheckSymbolExists.c:
/* */
#include <stdlib.h>

int main(int argc, char** argv)
{
  (void)argv;
#ifndef posix_memalign
  return ((int*)(&posix_memalign))[argc];
#else
  (void)argc;
  return 0;
#endif
}
Determining if the include file malloc.h exists passed with the following output:
Change Dir: /home/debix/gocv-buildopencv/opencv-4.10.0/build/CMakeFiles/CMakeTmp

Run Build Command(s):/usr/bin/gmake -f Makefile cmTC_d81b0/fast && gmake[1]: Entering directory '/home/debix/gocv-buildopencv/opencv-4.10.0/build/CMakeFiles/CMakeTmp'
/usr/bin/gmake  -f CMakeFiles/cmTC_d81b0.dir/build.make CMakeFiles/cmTC_d81b0.dir/build
gmake[2]: Entering directory '/home/debix/gocv-buildopencv/opencv-4.10.0/build/CMakeFiles/CMakeTmp'
/usr/bin/cmake: /usr/lib/libcurl.so.4: no version information available (required by /usr/bin/cmake)
Building C object CMakeFiles/cmTC_d81b0.dir/CheckIncludeFile.c.o
/usr/bin/cc   -fsigned-char -W -Wall -Wreturn-type -Waddress -Wsequence-point -Wformat -Wformat-security -Wmissing-declarations -Wmissing-prototypes -Wstrict-prototypes -Wundef -Winit-self -Wpointer-arith -Wshadow -Wuninitialized -Wno-comment -Wimplicit-fallthrough=3 -Wno-strict-overflow -fdiagnostics-show-option -pthread -fomit-frame-pointer -ffunction-sections -fdata-sections    -fvisibility=hidden  -O3 -DNDEBUG  -DNDEBUG -fPIE -o CMakeFiles/cmTC_d81b0.dir/CheckIncludeFile.c.o -c /home/debix/gocv-buildopencv/opencv-4.10.0/build/CMakeFiles/CMakeTmp/CheckIncludeFile.c
/usr/bin/cmake: /usr/lib/libcurl.so.4: no version information available (required by /usr/bin/cmake)
Linking C executable cmTC_d81b0
/usr/bin/cmake -E cmake_link_script CMakeFiles/cmTC_d81b0.dir/link.txt --verbose=1
/usr/bin/cmake: /usr/lib/libcurl.so.4: no version information available (required by /usr/bin/cmake)
/usr/bin/cc    -fsigned-char -W -Wall -Wreturn-type -Waddress -Wsequence-point -Wformat -Wformat-security -Wmissing-declarations -Wmissing-prototypes -Wstrict-prototypes -Wundef -Winit-self -Wpointer-arith -Wshadow -Wuninitialized -Wno-comment -Wimplicit-fallthrough=3 -Wno-strict-overflow -fdiagnostics-show-option -pthread -fomit-frame-pointer -ffunction-sections -fdata-sections    -fvisibility=hidden  -O3 -DNDEBUG  -DNDEBUG   -Wl,--gc-sections -Wl,--as-needed -Wl,--no-undefined  CMakeFiles/cmTC_d81b0.dir/CheckIncludeFile.c.o -o cmTC_d81b0 
gmake[2]: Leaving directory '/home/debix/gocv-buildopencv/opencv-4.10.0/build/CMakeFiles/CMakeTmp'
gmake[1]: Leaving directory '/home/debix/gocv-buildopencv/opencv-4.10.0/build/CMakeFiles/CMakeTmp'



Determining if the memalign exist passed with the following output:
Change Dir: /home/debix/gocv-buildopencv/opencv-4.10.0/build/CMakeFiles/CMakeTmp

Run Build Command(s):/usr/bin/gmake -f Makefile cmTC_e751e/fast && gmake[1]: Entering directory '/home/debix/gocv-buildopencv/opencv-4.10.0/build/CMakeFiles/CMakeTmp'
/usr/bin/gmake  -f CMakeFiles/cmTC_e751e.dir/build.make CMakeFiles/cmTC_e751e.dir/build
gmake[2]: Entering directory '/home/debix/gocv-buildopencv/opencv-4.10.0/build/CMakeFiles/CMakeTmp'
/usr/bin/cmake: /usr/lib/libcurl.so.4: no version information available (required by /usr/bin/cmake)
Building C object CMakeFiles/cmTC_e751e.dir/CheckSymbolExists.c.o
/usr/bin/cc   -fsigned-char -W -Wall -Wreturn-type -Waddress -Wsequence-point -Wformat -Wformat-security -Wmissing-declarations -Wmissing-prototypes -Wstrict-prototypes -Wundef -Winit-self -Wpointer-arith -Wshadow -Wuninitialized -Wno-comment -Wimplicit-fallthrough=3 -Wno-strict-overflow -fdiagnostics-show-option -pthread -fomit-frame-pointer -ffunction-sections -fdata-sections    -fvisibility=hidden  -O3 -DNDEBUG  -DNDEBUG -fPIE -o CMakeFiles/cmTC_e751e.dir/CheckSymbolExists.c.o -c /home/debix/gocv-buildopencv/opencv-4.10.0/build/CMakeFiles/CMakeTmp/CheckSymbolExists.c
/usr/bin/cmake: /usr/lib/libcurl.so.4: no version information available (required by /usr/bin/cmake)
Linking C executable cmTC_e751e
/usr/bin/cmake -E cmake_link_script CMakeFiles/cmTC_e751e.dir/link.txt --verbose=1
/usr/bin/cmake: /usr/lib/libcurl.so.4: no version information available (required by /usr/bin/cmake)
/usr/bin/cc    -fsigned-char -W -Wall -Wreturn-type -Waddress -Wsequence-point -Wformat -Wformat-security -Wmissing-declarations -Wmissing-prototypes -Wstrict-prototypes -Wundef -Winit-self -Wpointer-arith -Wshadow -Wuninitialized -Wno-comment -Wimplicit-fallthrough=3 -Wno-strict-overflow -fdiagnostics-show-option -pthread -fomit-frame-pointer -ffunction-sections -fdata-sections    -fvisibility=hidden  -O3 -DNDEBUG  -DNDEBUG   -Wl,--gc-sections -Wl,--as-needed -Wl,--no-undefined  CMakeFiles/cmTC_e751e.dir/CheckSymbolExists.c.o -o cmTC_e751e 
gmake[2]: Leaving directory '/home/debix/gocv-buildopencv/opencv-4.10.0/build/CMakeFiles/CMakeTmp'
gmake[1]: Leaving directory '/home/debix/gocv-buildopencv/opencv-4.10.0/build/CMakeFiles/CMakeTmp'


File /home/debix/gocv-buildopencv/opencv-4.10.0/build/CMakeFiles/CMakeTmp/CheckSymbolExists.c:
/* */
#include <malloc.h>

int main(int argc, char** argv)
{
  (void)argv;
#ifndef memalign
  return ((int*)(&memalign))[argc];
#else
  (void)argc;
  return 0;
#endif
}
Determining if the include file string.h exists passed with the following output:
Change Dir: /home/debix/gocv-buildopencv/opencv-4.10.0/build/CMakeFiles/CMakeTmp

Run Build Command(s):/usr/bin/gmake -f Makefile cmTC_f22e5/fast && gmake[1]: Entering directory '/home/debix/gocv-buildopencv/opencv-4.10.0/build/CMakeFiles/CMakeTmp'
/usr/bin/gmake  -f CMakeFiles/cmTC_f22e5.dir/build.make CMakeFiles/cmTC_f22e5.dir/build
gmake[2]: Entering directory '/home/debix/gocv-buildopencv/opencv-4.10.0/build/CMakeFiles/CMakeTmp'
/usr/bin/cmake: /usr/lib/libcurl.so.4: no version information available (required by /usr/bin/cmake)
Building C object CMakeFiles/cmTC_f22e5.dir/CheckIncludeFile.c.o
/usr/bin/cc   -fsigned-char -W -Wall -Wreturn-type -Waddress -Wsequence-point -Wformat -Wformat-security -Wstrict-prototypes -Wundef -Winit-self -Wpointer-arith -Wshadow -Wuninitialized -Wno-comment -Wimplicit-fallthrough=3 -Wno-strict-overflow -fdiagnostics-show-option -pthread -fomit-frame-pointer -ffunction-sections -fdata-sections    -fvisibility=hidden -Wno-unused-but-set-variable -Wno-missing-prototypes -Wno-missing-declarations  -O3 -DNDEBUG  -DNDEBUG -fPIE -o CMakeFiles/cmTC_f22e5.dir/CheckIncludeFile.c.o -c /home/debix/gocv-buildopencv/opencv-4.10.0/build/CMakeFiles/CMakeTmp/CheckIncludeFile.c
/usr/bin/cmake: /usr/lib/libcurl.so.4: no version information available (required by /usr/bin/cmake)
Linking C executable cmTC_f22e5
/usr/bin/cmake -E cmake_link_script CMakeFiles/cmTC_f22e5.dir/link.txt --verbose=1
/usr/bin/cmake: /usr/lib/libcurl.so.4: no version information available (required by /usr/bin/cmake)
/usr/bin/cc    -fsigned-char -W -Wall -Wreturn-type -Waddress -Wsequence-point -Wformat -Wformat-security -Wstrict-prototypes -Wundef -Winit-self -Wpointer-arith -Wshadow -Wuninitialized -Wno-comment -Wimplicit-fallthrough=3 -Wno-strict-overflow -fdiagnostics-show-option -pthread -fomit-frame-pointer -ffunction-sections -fdata-sections    -fvisibility=hidden -Wno-unused-but-set-variable -Wno-missing-prototypes -Wno-missing-declarations  -O3 -DNDEBUG  -DNDEBUG   -Wl,--gc-sections -Wl,--as-needed -Wl,--no-undefined  CMakeFiles/cmTC_f22e5.dir/CheckIncludeFile.c.o -o cmTC_f22e5 
gmake[2]: Leaving directory '/home/debix/gocv-buildopencv/opencv-4.10.0/build/CMakeFiles/CMakeTmp'
gmake[1]: Leaving directory '/home/debix/gocv-buildopencv/opencv-4.10.0/build/CMakeFiles/CMakeTmp'



Determining if the include file memory.h exists passed with the following output:
Change Dir: /home/debix/gocv-buildopencv/opencv-4.10.0/build/CMakeFiles/CMakeTmp

Run Build Command(s):/usr/bin/gmake -f Makefile cmTC_5a330/fast && gmake[1]: Entering directory '/home/debix/gocv-buildopencv/opencv-4.10.0/build/CMakeFiles/CMakeTmp'
/usr/bin/gmake  -f CMakeFiles/cmTC_5a330.dir/build.make CMakeFiles/cmTC_5a330.dir/build
gmake[2]: Entering directory '/home/debix/gocv-buildopencv/opencv-4.10.0/build/CMakeFiles/CMakeTmp'
/usr/bin/cmake: /usr/lib/libcurl.so.4: no version information available (required by /usr/bin/cmake)
Building C object CMakeFiles/cmTC_5a330.dir/CheckIncludeFile.c.o
/usr/bin/cc   -fsigned-char -W -Wall -Wreturn-type -Waddress -Wsequence-point -Wformat -Wformat-security -Wstrict-prototypes -Wundef -Winit-self -Wpointer-arith -Wshadow -Wuninitialized -Wno-comment -Wimplicit-fallthrough=3 -Wno-strict-overflow -fdiagnostics-show-option -pthread -fomit-frame-pointer -ffunction-sections -fdata-sections    -fvisibility=hidden -Wno-unused-but-set-variable -Wno-missing-prototypes -Wno-missing-declarations  -O3 -DNDEBUG  -DNDEBUG -fPIE -o CMakeFiles/cmTC_5a330.dir/CheckIncludeFile.c.o -c /home/debix/gocv-buildopencv/opencv-4.10.0/build/CMakeFiles/CMakeTmp/CheckIncludeFile.c
/usr/bin/cmake: /usr/lib/libcurl.so.4: no version information available (required by /usr/bin/cmake)
Linking C executable cmTC_5a330
/usr/bin/cmake -E cmake_link_script CMakeFiles/cmTC_5a330.dir/link.txt --verbose=1
/usr/bin/cmake: /usr/lib/libcurl.so.4: no version information available (required by /usr/bin/cmake)
/usr/bin/cc    -fsigned-char -W -Wall -Wreturn-type -Waddress -Wsequence-point -Wformat -Wformat-security -Wstrict-prototypes -Wundef -Winit-self -Wpointer-arith -Wshadow -Wuninitialized -Wno-comment -Wimplicit-fallthrough=3 -Wno-strict-overflow -fdiagnostics-show-option -pthread -fomit-frame-pointer -ffunction-sections -fdata-sections    -fvisibility=hidden -Wno-unused-but-set-variable -Wno-missing-prototypes -Wno-missing-declarations  -O3 -DNDEBUG  -DNDEBUG   -Wl,--gc-sections -Wl,--as-needed -Wl,--no-undefined  CMakeFiles/cmTC_5a330.dir/CheckIncludeFile.c.o -o cmTC_5a330 
gmake[2]: Leaving directory '/home/debix/gocv-buildopencv/opencv-4.10.0/build/CMakeFiles/CMakeTmp'
gmake[1]: Leaving directory '/home/debix/gocv-buildopencv/opencv-4.10.0/build/CMakeFiles/CMakeTmp'



Determining if the include file stdlib.h exists passed with the following output:
Change Dir: /home/debix/gocv-buildopencv/opencv-4.10.0/build/CMakeFiles/CMakeTmp

Run Build Command(s):/usr/bin/gmake -f Makefile cmTC_5746e/fast && gmake[1]: Entering directory '/home/debix/gocv-buildopencv/opencv-4.10.0/build/CMakeFiles/CMakeTmp'
/usr/bin/gmake  -f CMakeFiles/cmTC_5746e.dir/build.make CMakeFiles/cmTC_5746e.dir/build
gmake[2]: Entering directory '/home/debix/gocv-buildopencv/opencv-4.10.0/build/CMakeFiles/CMakeTmp'
/usr/bin/cmake: /usr/lib/libcurl.so.4: no version information available (required by /usr/bin/cmake)
Building C object CMakeFiles/cmTC_5746e.dir/CheckIncludeFile.c.o
/usr/bin/cc   -fsigned-char -W -Wall -Wreturn-type -Waddress -Wsequence-point -Wformat -Wformat-security -Wstrict-prototypes -Wundef -Winit-self -Wpointer-arith -Wshadow -Wuninitialized -Wno-comment -Wimplicit-fallthrough=3 -Wno-strict-overflow -fdiagnostics-show-option -pthread -fomit-frame-pointer -ffunction-sections -fdata-sections    -fvisibility=hidden -Wno-unused-but-set-variable -Wno-missing-prototypes -Wno-missing-declarations  -O3 -DNDEBUG  -DNDEBUG -fPIE -o CMakeFiles/cmTC_5746e.dir/CheckIncludeFile.c.o -c /home/debix/gocv-buildopencv/opencv-4.10.0/build/CMakeFiles/CMakeTmp/CheckIncludeFile.c
/usr/bin/cmake: /usr/lib/libcurl.so.4: no version information available (required by /usr/bin/cmake)
Linking C executable cmTC_5746e
/usr/bin/cmake -E cmake_link_script CMakeFiles/cmTC_5746e.dir/link.txt --verbose=1
/usr/bin/cmake: /usr/lib/libcurl.so.4: no version information available (required by /usr/bin/cmake)
/usr/bin/cc    -fsigned-char -W -Wall -Wreturn-type -Waddress -Wsequence-point -Wformat -Wformat-security -Wstrict-prototypes -Wundef -Winit-self -Wpointer-arith -Wshadow -Wuninitialized -Wno-comment -Wimplicit-fallthrough=3 -Wno-strict-overflow -fdiagnostics-show-option -pthread -fomit-frame-pointer -ffunction-sections -fdata-sections    -fvisibility=hidden -Wno-unused-but-set-variable -Wno-missing-prototypes -Wno-missing-declarations  -O3 -DNDEBUG  -DNDEBUG   -Wl,--gc-sections -Wl,--as-needed -Wl,--no-undefined  CMakeFiles/cmTC_5746e.dir/CheckIncludeFile.c.o -o cmTC_5746e 
gmake[2]: Leaving directory '/home/debix/gocv-buildopencv/opencv-4.10.0/build/CMakeFiles/CMakeTmp'
gmake[1]: Leaving directory '/home/debix/gocv-buildopencv/opencv-4.10.0/build/CMakeFiles/CMakeTmp'



Determining if the include file stdio.h exists passed with the following output:
Change Dir: /home/debix/gocv-buildopencv/opencv-4.10.0/build/CMakeFiles/CMakeTmp

Run Build Command(s):/usr/bin/gmake -f Makefile cmTC_fadb6/fast && gmake[1]: Entering directory '/home/debix/gocv-buildopencv/opencv-4.10.0/build/CMakeFiles/CMakeTmp'
/usr/bin/gmake  -f CMakeFiles/cmTC_fadb6.dir/build.make CMakeFiles/cmTC_fadb6.dir/build
gmake[2]: Entering directory '/home/debix/gocv-buildopencv/opencv-4.10.0/build/CMakeFiles/CMakeTmp'
/usr/bin/cmake: /usr/lib/libcurl.so.4: no version information available (required by /usr/bin/cmake)
Building C object CMakeFiles/cmTC_fadb6.dir/CheckIncludeFile.c.o
/usr/bin/cc   -fsigned-char -W -Wall -Wreturn-type -Waddress -Wsequence-point -Wformat -Wformat-security -Wstrict-prototypes -Wundef -Winit-self -Wpointer-arith -Wshadow -Wuninitialized -Wno-comment -Wimplicit-fallthrough=3 -Wno-strict-overflow -fdiagnostics-show-option -pthread -fomit-frame-pointer -ffunction-sections -fdata-sections    -fvisibility=hidden -Wno-unused-but-set-variable -Wno-missing-prototypes -Wno-missing-declarations  -O3 -DNDEBUG  -DNDEBUG -fPIE -o CMakeFiles/cmTC_fadb6.dir/CheckIncludeFile.c.o -c /home/debix/gocv-buildopencv/opencv-4.10.0/build/CMakeFiles/CMakeTmp/CheckIncludeFile.c
/usr/bin/cmake: /usr/lib/libcurl.so.4: no version information available (required by /usr/bin/cmake)
Linking C executable cmTC_fadb6
/usr/bin/cmake -E cmake_link_script CMakeFiles/cmTC_fadb6.dir/link.txt --verbose=1
/usr/bin/cmake: /usr/lib/libcurl.so.4: no version information available (required by /usr/bin/cmake)
/usr/bin/cc    -fsigned-char -W -Wall -Wreturn-type -Waddress -Wsequence-point -Wformat -Wformat-security -Wstrict-prototypes -Wundef -Winit-self -Wpointer-arith -Wshadow -Wuninitialized -Wno-comment -Wimplicit-fallthrough=3 -Wno-strict-overflow -fdiagnostics-show-option -pthread -fomit-frame-pointer -ffunction-sections -fdata-sections    -fvisibility=hidden -Wno-unused-but-set-variable -Wno-missing-prototypes -Wno-missing-declarations  -O3 -DNDEBUG  -DNDEBUG   -Wl,--gc-sections -Wl,--as-needed -Wl,--no-undefined  CMakeFiles/cmTC_fadb6.dir/CheckIncludeFile.c.o -o cmTC_fadb6 
gmake[2]: Leaving directory '/home/debix/gocv-buildopencv/opencv-4.10.0/build/CMakeFiles/CMakeTmp'
gmake[1]: Leaving directory '/home/debix/gocv-buildopencv/opencv-4.10.0/build/CMakeFiles/CMakeTmp'



Determining if the include file math.h exists passed with the following output:
Change Dir: /home/debix/gocv-buildopencv/opencv-4.10.0/build/CMakeFiles/CMakeTmp

Run Build Command(s):/usr/bin/gmake -f Makefile cmTC_b3223/fast && gmake[1]: Entering directory '/home/debix/gocv-buildopencv/opencv-4.10.0/build/CMakeFiles/CMakeTmp'
/usr/bin/gmake  -f CMakeFiles/cmTC_b3223.dir/build.make CMakeFiles/cmTC_b3223.dir/build
gmake[2]: Entering directory '/home/debix/gocv-buildopencv/opencv-4.10.0/build/CMakeFiles/CMakeTmp'
/usr/bin/cmake: /usr/lib/libcurl.so.4: no version information available (required by /usr/bin/cmake)
Building C object CMakeFiles/cmTC_b3223.dir/CheckIncludeFile.c.o
/usr/bin/cc   -fsigned-char -W -Wall -Wreturn-type -Waddress -Wsequence-point -Wformat -Wformat-security -Wstrict-prototypes -Wundef -Winit-self -Wpointer-arith -Wshadow -Wuninitialized -Wno-comment -Wimplicit-fallthrough=3 -Wno-strict-overflow -fdiagnostics-show-option -pthread -fomit-frame-pointer -ffunction-sections -fdata-sections    -fvisibility=hidden -Wno-unused-but-set-variable -Wno-missing-prototypes -Wno-missing-declarations  -O3 -DNDEBUG  -DNDEBUG -fPIE -o CMakeFiles/cmTC_b3223.dir/CheckIncludeFile.c.o -c /home/debix/gocv-buildopencv/opencv-4.10.0/build/CMakeFiles/CMakeTmp/CheckIncludeFile.c
/usr/bin/cmake: /usr/lib/libcurl.so.4: no version information available (required by /usr/bin/cmake)
Linking C executable cmTC_b3223
/usr/bin/cmake -E cmake_link_script CMakeFiles/cmTC_b3223.dir/link.txt --verbose=1
/usr/bin/cmake: /usr/lib/libcurl.so.4: no version information available (required by /usr/bin/cmake)
/usr/bin/cc    -fsigned-char -W -Wall -Wreturn-type -Waddress -Wsequence-point -Wformat -Wformat-security -Wstrict-prototypes -Wundef -Winit-self -Wpointer-arith -Wshadow -Wuninitialized -Wno-comment -Wimplicit-fallthrough=3 -Wno-strict-overflow -fdiagnostics-show-option -pthread -fomit-frame-pointer -ffunction-sections -fdata-sections    -fvisibility=hidden -Wno-unused-but-set-variable -Wno-missing-prototypes -Wno-missing-declarations  -O3 -DNDEBUG  -DNDEBUG   -Wl,--gc-sections -Wl,--as-needed -Wl,--no-undefined  CMakeFiles/cmTC_b3223.dir/CheckIncludeFile.c.o -o cmTC_b3223 
gmake[2]: Leaving directory '/home/debix/gocv-buildopencv/opencv-4.10.0/build/CMakeFiles/CMakeTmp'
gmake[1]: Leaving directory '/home/debix/gocv-buildopencv/opencv-4.10.0/build/CMakeFiles/CMakeTmp'



Determining if the include file float.h exists passed with the following output:
Change Dir: /home/debix/gocv-buildopencv/opencv-4.10.0/build/CMakeFiles/CMakeTmp

Run Build Command(s):/usr/bin/gmake -f Makefile cmTC_a2f70/fast && gmake[1]: Entering directory '/home/debix/gocv-buildopencv/opencv-4.10.0/build/CMakeFiles/CMakeTmp'
/usr/bin/gmake  -f CMakeFiles/cmTC_a2f70.dir/build.make CMakeFiles/cmTC_a2f70.dir/build
gmake[2]: Entering directory '/home/debix/gocv-buildopencv/opencv-4.10.0/build/CMakeFiles/CMakeTmp'
/usr/bin/cmake: /usr/lib/libcurl.so.4: no version information available (required by /usr/bin/cmake)
Building C object CMakeFiles/cmTC_a2f70.dir/CheckIncludeFile.c.o
/usr/bin/cc   -fsigned-char -W -Wall -Wreturn-type -Waddress -Wsequence-point -Wformat -Wformat-security -Wstrict-prototypes -Wundef -Winit-self -Wpointer-arith -Wshadow -Wuninitialized -Wno-comment -Wimplicit-fallthrough=3 -Wno-strict-overflow -fdiagnostics-show-option -pthread -fomit-frame-pointer -ffunction-sections -fdata-sections    -fvisibility=hidden -Wno-unused-but-set-variable -Wno-missing-prototypes -Wno-missing-declarations  -O3 -DNDEBUG  -DNDEBUG -fPIE -o CMakeFiles/cmTC_a2f70.dir/CheckIncludeFile.c.o -c /home/debix/gocv-buildopencv/opencv-4.10.0/build/CMakeFiles/CMakeTmp/CheckIncludeFile.c
/usr/bin/cmake: /usr/lib/libcurl.so.4: no version information available (required by /usr/bin/cmake)
Linking C executable cmTC_a2f70
/usr/bin/cmake -E cmake_link_script CMakeFiles/cmTC_a2f70.dir/link.txt --verbose=1
/usr/bin/cmake: /usr/lib/libcurl.so.4: no version information available (required by /usr/bin/cmake)
/usr/bin/cc    -fsigned-char -W -Wall -Wreturn-type -Waddress -Wsequence-point -Wformat -Wformat-security -Wstrict-prototypes -Wundef -Winit-self -Wpointer-arith -Wshadow -Wuninitialized -Wno-comment -Wimplicit-fallthrough=3 -Wno-strict-overflow -fdiagnostics-show-option -pthread -fomit-frame-pointer -ffunction-sections -fdata-sections    -fvisibility=hidden -Wno-unused-but-set-variable -Wno-missing-prototypes -Wno-missing-declarations  -O3 -DNDEBUG  -DNDEBUG   -Wl,--gc-sections -Wl,--as-needed -Wl,--no-undefined  CMakeFiles/cmTC_a2f70.dir/CheckIncludeFile.c.o -o cmTC_a2f70 
gmake[2]: Leaving directory '/home/debix/gocv-buildopencv/opencv-4.10.0/build/CMakeFiles/CMakeTmp'
gmake[1]: Leaving directory '/home/debix/gocv-buildopencv/opencv-4.10.0/build/CMakeFiles/CMakeTmp'



Determining if the include file time.h exists passed with the following output:
Change Dir: /home/debix/gocv-buildopencv/opencv-4.10.0/build/CMakeFiles/CMakeTmp

Run Build Command(s):/usr/bin/gmake -f Makefile cmTC_57fef/fast && gmake[1]: Entering directory '/home/debix/gocv-buildopencv/opencv-4.10.0/build/CMakeFiles/CMakeTmp'
/usr/bin/gmake  -f CMakeFiles/cmTC_57fef.dir/build.make CMakeFiles/cmTC_57fef.dir/build
gmake[2]: Entering directory '/home/debix/gocv-buildopencv/opencv-4.10.0/build/CMakeFiles/CMakeTmp'
/usr/bin/cmake: /usr/lib/libcurl.so.4: no version information available (required by /usr/bin/cmake)
Building C object CMakeFiles/cmTC_57fef.dir/CheckIncludeFile.c.o
/usr/bin/cc   -fsigned-char -W -Wall -Wreturn-type -Waddress -Wsequence-point -Wformat -Wformat-security -Wstrict-prototypes -Wundef -Winit-self -Wpointer-arith -Wshadow -Wuninitialized -Wno-comment -Wimplicit-fallthrough=3 -Wno-strict-overflow -fdiagnostics-show-option -pthread -fomit-frame-pointer -ffunction-sections -fdata-sections    -fvisibility=hidden -Wno-unused-but-set-variable -Wno-missing-prototypes -Wno-missing-declarations  -O3 -DNDEBUG  -DNDEBUG -fPIE -o CMakeFiles/cmTC_57fef.dir/CheckIncludeFile.c.o -c /home/debix/gocv-buildopencv/opencv-4.10.0/build/CMakeFiles/CMakeTmp/CheckIncludeFile.c
/usr/bin/cmake: /usr/lib/libcurl.so.4: no version information available (required by /usr/bin/cmake)
Linking C executable cmTC_57fef
/usr/bin/cmake -E cmake_link_script CMakeFiles/cmTC_57fef.dir/link.txt --verbose=1
/usr/bin/cmake: /usr/lib/libcurl.so.4: no version information available (required by /usr/bin/cmake)
/usr/bin/cc    -fsigned-char -W -Wall -Wreturn-type -Waddress -Wsequence-point -Wformat -Wformat-security -Wstrict-prototypes -Wundef -Winit-self -Wpointer-arith -Wshadow -Wuninitialized -Wno-comment -Wimplicit-fallthrough=3 -Wno-strict-overflow -fdiagnostics-show-option -pthread -fomit-frame-pointer -ffunction-sections -fdata-sections    -fvisibility=hidden -Wno-unused-but-set-variable -Wno-missing-prototypes -Wno-missing-declarations  -O3 -DNDEBUG  -DNDEBUG   -Wl,--gc-sections -Wl,--as-needed -Wl,--no-undefined  CMakeFiles/cmTC_57fef.dir/CheckIncludeFile.c.o -o cmTC_57fef 
gmake[2]: Leaving directory '/home/debix/gocv-buildopencv/opencv-4.10.0/build/CMakeFiles/CMakeTmp'
gmake[1]: Leaving directory '/home/debix/gocv-buildopencv/opencv-4.10.0/build/CMakeFiles/CMakeTmp'



Determining if the include file stdarg.h exists passed with the following output:
Change Dir: /home/debix/gocv-buildopencv/opencv-4.10.0/build/CMakeFiles/CMakeTmp

Run Build Command(s):/usr/bin/gmake -f Makefile cmTC_1562a/fast && gmake[1]: Entering directory '/home/debix/gocv-buildopencv/opencv-4.10.0/build/CMakeFiles/CMakeTmp'
/usr/bin/gmake  -f CMakeFiles/cmTC_1562a.dir/build.make CMakeFiles/cmTC_1562a.dir/build
gmake[2]: Entering directory '/home/debix/gocv-buildopencv/opencv-4.10.0/build/CMakeFiles/CMakeTmp'
/usr/bin/cmake: /usr/lib/libcurl.so.4: no version information available (required by /usr/bin/cmake)
Building C object CMakeFiles/cmTC_1562a.dir/CheckIncludeFile.c.o
/usr/bin/cc   -fsigned-char -W -Wall -Wreturn-type -Waddress -Wsequence-point -Wformat -Wformat-security -Wstrict-prototypes -Wundef -Winit-self -Wpointer-arith -Wshadow -Wuninitialized -Wno-comment -Wimplicit-fallthrough=3 -Wno-strict-overflow -fdiagnostics-show-option -pthread -fomit-frame-pointer -ffunction-sections -fdata-sections    -fvisibility=hidden -Wno-unused-but-set-variable -Wno-missing-prototypes -Wno-missing-declarations  -O3 -DNDEBUG  -DNDEBUG -fPIE -o CMakeFiles/cmTC_1562a.dir/CheckIncludeFile.c.o -c /home/debix/gocv-buildopencv/opencv-4.10.0/build/CMakeFiles/CMakeTmp/CheckIncludeFile.c
/usr/bin/cmake: /usr/lib/libcurl.so.4: no version information available (required by /usr/bin/cmake)
Linking C executable cmTC_1562a
/usr/bin/cmake -E cmake_link_script CMakeFiles/cmTC_1562a.dir/link.txt --verbose=1
/usr/bin/cmake: /usr/lib/libcurl.so.4: no version information available (required by /usr/bin/cmake)
/usr/bin/cc    -fsigned-char -W -Wall -Wreturn-type -Waddress -Wsequence-point -Wformat -Wformat-security -Wstrict-prototypes -Wundef -Winit-self -Wpointer-arith -Wshadow -Wuninitialized -Wno-comment -Wimplicit-fallthrough=3 -Wno-strict-overflow -fdiagnostics-show-option -pthread -fomit-frame-pointer -ffunction-sections -fdata-sections    -fvisibility=hidden -Wno-unused-but-set-variable -Wno-missing-prototypes -Wno-missing-declarations  -O3 -DNDEBUG  -DNDEBUG   -Wl,--gc-sections -Wl,--as-needed -Wl,--no-undefined  CMakeFiles/cmTC_1562a.dir/CheckIncludeFile.c.o -o cmTC_1562a 
gmake[2]: Leaving directory '/home/debix/gocv-buildopencv/opencv-4.10.0/build/CMakeFiles/CMakeTmp'
gmake[1]: Leaving directory '/home/debix/gocv-buildopencv/opencv-4.10.0/build/CMakeFiles/CMakeTmp'



Determining if the include file ctype.h exists passed with the following output:
Change Dir: /home/debix/gocv-buildopencv/opencv-4.10.0/build/CMakeFiles/CMakeTmp

Run Build Command(s):/usr/bin/gmake -f Makefile cmTC_2817f/fast && gmake[1]: Entering directory '/home/debix/gocv-buildopencv/opencv-4.10.0/build/CMakeFiles/CMakeTmp'
/usr/bin/gmake  -f CMakeFiles/cmTC_2817f.dir/build.make CMakeFiles/cmTC_2817f.dir/build
gmake[2]: Entering directory '/home/debix/gocv-buildopencv/opencv-4.10.0/build/CMakeFiles/CMakeTmp'
/usr/bin/cmake: /usr/lib/libcurl.so.4: no version information available (required by /usr/bin/cmake)
Building C object CMakeFiles/cmTC_2817f.dir/CheckIncludeFile.c.o
/usr/bin/cc   -fsigned-char -W -Wall -Wreturn-type -Waddress -Wsequence-point -Wformat -Wformat-security -Wstrict-prototypes -Wundef -Winit-self -Wpointer-arith -Wshadow -Wuninitialized -Wno-comment -Wimplicit-fallthrough=3 -Wno-strict-overflow -fdiagnostics-show-option -pthread -fomit-frame-pointer -ffunction-sections -fdata-sections    -fvisibility=hidden -Wno-unused-but-set-variable -Wno-missing-prototypes -Wno-missing-declarations  -O3 -DNDEBUG  -DNDEBUG -fPIE -o CMakeFiles/cmTC_2817f.dir/CheckIncludeFile.c.o -c /home/debix/gocv-buildopencv/opencv-4.10.0/build/CMakeFiles/CMakeTmp/CheckIncludeFile.c
/usr/bin/cmake: /usr/lib/libcurl.so.4: no version information available (required by /usr/bin/cmake)
Linking C executable cmTC_2817f
/usr/bin/cmake -E cmake_link_script CMakeFiles/cmTC_2817f.dir/link.txt --verbose=1
/usr/bin/cmake: /usr/lib/libcurl.so.4: no version information available (required by /usr/bin/cmake)
/usr/bin/cc    -fsigned-char -W -Wall -Wreturn-type -Waddress -Wsequence-point -Wformat -Wformat-security -Wstrict-prototypes -Wundef -Winit-self -Wpointer-arith -Wshadow -Wuninitialized -Wno-comment -Wimplicit-fallthrough=3 -Wno-strict-overflow -fdiagnostics-show-option -pthread -fomit-frame-pointer -ffunction-sections -fdata-sections    -fvisibility=hidden -Wno-unused-but-set-variable -Wno-missing-prototypes -Wno-missing-declarations  -O3 -DNDEBUG  -DNDEBUG   -Wl,--gc-sections -Wl,--as-needed -Wl,--no-undefined  CMakeFiles/cmTC_2817f.dir/CheckIncludeFile.c.o -o cmTC_2817f 
gmake[2]: Leaving directory '/home/debix/gocv-buildopencv/opencv-4.10.0/build/CMakeFiles/CMakeTmp'
gmake[1]: Leaving directory '/home/debix/gocv-buildopencv/opencv-4.10.0/build/CMakeFiles/CMakeTmp'



Determining if the include file assert.h exists passed with the following output:
Change Dir: /home/debix/gocv-buildopencv/opencv-4.10.0/build/CMakeFiles/CMakeTmp

Run Build Command(s):/usr/bin/gmake -f Makefile cmTC_9988c/fast && gmake[1]: Entering directory '/home/debix/gocv-buildopencv/opencv-4.10.0/build/CMakeFiles/CMakeTmp'
/usr/bin/gmake  -f CMakeFiles/cmTC_9988c.dir/build.make CMakeFiles/cmTC_9988c.dir/build
gmake[2]: Entering directory '/home/debix/gocv-buildopencv/opencv-4.10.0/build/CMakeFiles/CMakeTmp'
/usr/bin/cmake: /usr/lib/libcurl.so.4: no version information available (required by /usr/bin/cmake)
Building C object CMakeFiles/cmTC_9988c.dir/CheckIncludeFile.c.o
/usr/bin/cc   -fsigned-char -W -Wall -Wreturn-type -Waddress -Wsequence-point -Wformat -Wformat-security -Wstrict-prototypes -Wundef -Winit-self -Wpointer-arith -Wshadow -Wuninitialized -Wno-comment -Wimplicit-fallthrough=3 -Wno-strict-overflow -fdiagnostics-show-option -pthread -fomit-frame-pointer -ffunction-sections -fdata-sections    -fvisibility=hidden -Wno-unused-but-set-variable -Wno-missing-prototypes -Wno-missing-declarations  -O3 -DNDEBUG  -DNDEBUG -fPIE -o CMakeFiles/cmTC_9988c.dir/CheckIncludeFile.c.o -c /home/debix/gocv-buildopencv/opencv-4.10.0/build/CMakeFiles/CMakeTmp/CheckIncludeFile.c
/usr/bin/cmake: /usr/lib/libcurl.so.4: no version information available (required by /usr/bin/cmake)
Linking C executable cmTC_9988c
/usr/bin/cmake -E cmake_link_script CMakeFiles/cmTC_9988c.dir/link.txt --verbose=1
/usr/bin/cmake: /usr/lib/libcurl.so.4: no version information available (required by /usr/bin/cmake)
/usr/bin/cc    -fsigned-char -W -Wall -Wreturn-type -Waddress -Wsequence-point -Wformat -Wformat-security -Wstrict-prototypes -Wundef -Winit-self -Wpointer-arith -Wshadow -Wuninitialized -Wno-comment -Wimplicit-fallthrough=3 -Wno-strict-overflow -fdiagnostics-show-option -pthread -fomit-frame-pointer -ffunction-sections -fdata-sections    -fvisibility=hidden -Wno-unused-but-set-variable -Wno-missing-prototypes -Wno-missing-declarations  -O3 -DNDEBUG  -DNDEBUG   -Wl,--gc-sections -Wl,--as-needed -Wl,--no-undefined  CMakeFiles/cmTC_9988c.dir/CheckIncludeFile.c.o -o cmTC_9988c 
gmake[2]: Leaving directory '/home/debix/gocv-buildopencv/opencv-4.10.0/build/CMakeFiles/CMakeTmp'
gmake[1]: Leaving directory '/home/debix/gocv-buildopencv/opencv-4.10.0/build/CMakeFiles/CMakeTmp'



Determining if the include file stdint.h exists passed with the following output:
Change Dir: /home/debix/gocv-buildopencv/opencv-4.10.0/build/CMakeFiles/CMakeTmp

Run Build Command(s):/usr/bin/gmake -f Makefile cmTC_63663/fast && gmake[1]: Entering directory '/home/debix/gocv-buildopencv/opencv-4.10.0/build/CMakeFiles/CMakeTmp'
/usr/bin/gmake  -f CMakeFiles/cmTC_63663.dir/build.make CMakeFiles/cmTC_63663.dir/build
gmake[2]: Entering directory '/home/debix/gocv-buildopencv/opencv-4.10.0/build/CMakeFiles/CMakeTmp'
/usr/bin/cmake: /usr/lib/libcurl.so.4: no version information available (required by /usr/bin/cmake)
Building C object CMakeFiles/cmTC_63663.dir/CheckIncludeFile.c.o
/usr/bin/cc   -fsigned-char -W -Wall -Wreturn-type -Waddress -Wsequence-point -Wformat -Wformat-security -Wstrict-prototypes -Wundef -Winit-self -Wpointer-arith -Wshadow -Wuninitialized -Wno-comment -Wimplicit-fallthrough=3 -Wno-strict-overflow -fdiagnostics-show-option -pthread -fomit-frame-pointer -ffunction-sections -fdata-sections    -fvisibility=hidden -Wno-unused-but-set-variable -Wno-missing-prototypes -Wno-missing-declarations  -O3 -DNDEBUG  -DNDEBUG -fPIE -o CMakeFiles/cmTC_63663.dir/CheckIncludeFile.c.o -c /home/debix/gocv-buildopencv/opencv-4.10.0/build/CMakeFiles/CMakeTmp/CheckIncludeFile.c
/usr/bin/cmake: /usr/lib/libcurl.so.4: no version information available (required by /usr/bin/cmake)
Linking C executable cmTC_63663
/usr/bin/cmake -E cmake_link_script CMakeFiles/cmTC_63663.dir/link.txt --verbose=1
/usr/bin/cmake: /usr/lib/libcurl.so.4: no version information available (required by /usr/bin/cmake)
/usr/bin/cc    -fsigned-char -W -Wall -Wreturn-type -Waddress -Wsequence-point -Wformat -Wformat-security -Wstrict-prototypes -Wundef -Winit-self -Wpointer-arith -Wshadow -Wuninitialized -Wno-comment -Wimplicit-fallthrough=3 -Wno-strict-overflow -fdiagnostics-show-option -pthread -fomit-frame-pointer -ffunction-sections -fdata-sections    -fvisibility=hidden -Wno-unused-but-set-variable -Wno-missing-prototypes -Wno-missing-declarations  -O3 -DNDEBUG  -DNDEBUG   -Wl,--gc-sections -Wl,--as-needed -Wl,--no-undefined  CMakeFiles/cmTC_63663.dir/CheckIncludeFile.c.o -o cmTC_63663 
gmake[2]: Leaving directory '/home/debix/gocv-buildopencv/opencv-4.10.0/build/CMakeFiles/CMakeTmp'
gmake[1]: Leaving directory '/home/debix/gocv-buildopencv/opencv-4.10.0/build/CMakeFiles/CMakeTmp'



Determining if the include file inttypes.h exists passed with the following output:
Change Dir: /home/debix/gocv-buildopencv/opencv-4.10.0/build/CMakeFiles/CMakeTmp

Run Build Command(s):/usr/bin/gmake -f Makefile cmTC_c0580/fast && gmake[1]: Entering directory '/home/debix/gocv-buildopencv/opencv-4.10.0/build/CMakeFiles/CMakeTmp'
/usr/bin/gmake  -f CMakeFiles/cmTC_c0580.dir/build.make CMakeFiles/cmTC_c0580.dir/build
gmake[2]: Entering directory '/home/debix/gocv-buildopencv/opencv-4.10.0/build/CMakeFiles/CMakeTmp'
/usr/bin/cmake: /usr/lib/libcurl.so.4: no version information available (required by /usr/bin/cmake)
Building C object CMakeFiles/cmTC_c0580.dir/CheckIncludeFile.c.o
/usr/bin/cc   -fsigned-char -W -Wall -Wreturn-type -Waddress -Wsequence-point -Wformat -Wformat-security -Wstrict-prototypes -Wundef -Winit-self -Wpointer-arith -Wshadow -Wuninitialized -Wno-comment -Wimplicit-fallthrough=3 -Wno-strict-overflow -fdiagnostics-show-option -pthread -fomit-frame-pointer -ffunction-sections -fdata-sections    -fvisibility=hidden -Wno-unused-but-set-variable -Wno-missing-prototypes -Wno-missing-declarations  -O3 -DNDEBUG  -DNDEBUG -fPIE -o CMakeFiles/cmTC_c0580.dir/CheckIncludeFile.c.o -c /home/debix/gocv-buildopencv/opencv-4.10.0/build/CMakeFiles/CMakeTmp/CheckIncludeFile.c
/usr/bin/cmake: /usr/lib/libcurl.so.4: no version information available (required by /usr/bin/cmake)
Linking C executable cmTC_c0580
/usr/bin/cmake -E cmake_link_script CMakeFiles/cmTC_c0580.dir/link.txt --verbose=1
/usr/bin/cmake: /usr/lib/libcurl.so.4: no version information available (required by /usr/bin/cmake)
/usr/bin/cc    -fsigned-char -W -Wall -Wreturn-type -Waddress -Wsequence-point -Wformat -Wformat-security -Wstrict-prototypes -Wundef -Winit-self -Wpointer-arith -Wshadow -Wuninitialized -Wno-comment -Wimplicit-fallthrough=3 -Wno-strict-overflow -fdiagnostics-show-option -pthread -fomit-frame-pointer -ffunction-sections -fdata-sections    -fvisibility=hidden -Wno-unused-but-set-variable -Wno-missing-prototypes -Wno-missing-declarations  -O3 -DNDEBUG  -DNDEBUG   -Wl,--gc-sections -Wl,--as-needed -Wl,--no-undefined  CMakeFiles/cmTC_c0580.dir/CheckIncludeFile.c.o -o cmTC_c0580 
gmake[2]: Leaving directory '/home/debix/gocv-buildopencv/opencv-4.10.0/build/CMakeFiles/CMakeTmp'
gmake[1]: Leaving directory '/home/debix/gocv-buildopencv/opencv-4.10.0/build/CMakeFiles/CMakeTmp'



Determining if the include file strings.h exists passed with the following output:
Change Dir: /home/debix/gocv-buildopencv/opencv-4.10.0/build/CMakeFiles/CMakeTmp

Run Build Command(s):/usr/bin/gmake -f Makefile cmTC_9c5f2/fast && gmake[1]: Entering directory '/home/debix/gocv-buildopencv/opencv-4.10.0/build/CMakeFiles/CMakeTmp'
/usr/bin/gmake  -f CMakeFiles/cmTC_9c5f2.dir/build.make CMakeFiles/cmTC_9c5f2.dir/build
gmake[2]: Entering directory '/home/debix/gocv-buildopencv/opencv-4.10.0/build/CMakeFiles/CMakeTmp'
/usr/bin/cmake: /usr/lib/libcurl.so.4: no version information available (required by /usr/bin/cmake)
Building C object CMakeFiles/cmTC_9c5f2.dir/CheckIncludeFile.c.o
/usr/bin/cc   -fsigned-char -W -Wall -Wreturn-type -Waddress -Wsequence-point -Wformat -Wformat-security -Wstrict-prototypes -Wundef -Winit-self -Wpointer-arith -Wshadow -Wuninitialized -Wno-comment -Wimplicit-fallthrough=3 -Wno-strict-overflow -fdiagnostics-show-option -pthread -fomit-frame-pointer -ffunction-sections -fdata-sections    -fvisibility=hidden -Wno-unused-but-set-variable -Wno-missing-prototypes -Wno-missing-declarations  -O3 -DNDEBUG  -DNDEBUG -fPIE -o CMakeFiles/cmTC_9c5f2.dir/CheckIncludeFile.c.o -c /home/debix/gocv-buildopencv/opencv-4.10.0/build/CMakeFiles/CMakeTmp/CheckIncludeFile.c
/usr/bin/cmake: /usr/lib/libcurl.so.4: no version information available (required by /usr/bin/cmake)
Linking C executable cmTC_9c5f2
/usr/bin/cmake -E cmake_link_script CMakeFiles/cmTC_9c5f2.dir/link.txt --verbose=1
/usr/bin/cmake: /usr/lib/libcurl.so.4: no version information available (required by /usr/bin/cmake)
/usr/bin/cc    -fsigned-char -W -Wall -Wreturn-type -Waddress -Wsequence-point -Wformat -Wformat-security -Wstrict-prototypes -Wundef -Winit-self -Wpointer-arith -Wshadow -Wuninitialized -Wno-comment -Wimplicit-fallthrough=3 -Wno-strict-overflow -fdiagnostics-show-option -pthread -fomit-frame-pointer -ffunction-sections -fdata-sections    -fvisibility=hidden -Wno-unused-but-set-variable -Wno-missing-prototypes -Wno-missing-declarations  -O3 -DNDEBUG  -DNDEBUG   -Wl,--gc-sections -Wl,--as-needed -Wl,--no-undefined  CMakeFiles/cmTC_9c5f2.dir/CheckIncludeFile.c.o -o cmTC_9c5f2 
gmake[2]: Leaving directory '/home/debix/gocv-buildopencv/opencv-4.10.0/build/CMakeFiles/CMakeTmp'
gmake[1]: Leaving directory '/home/debix/gocv-buildopencv/opencv-4.10.0/build/CMakeFiles/CMakeTmp'



Determining if the include file sys/stat.h exists passed with the following output:
Change Dir: /home/debix/gocv-buildopencv/opencv-4.10.0/build/CMakeFiles/CMakeTmp

Run Build Command(s):/usr/bin/gmake -f Makefile cmTC_13126/fast && gmake[1]: Entering directory '/home/debix/gocv-buildopencv/opencv-4.10.0/build/CMakeFiles/CMakeTmp'
/usr/bin/gmake  -f CMakeFiles/cmTC_13126.dir/build.make CMakeFiles/cmTC_13126.dir/build
gmake[2]: Entering directory '/home/debix/gocv-buildopencv/opencv-4.10.0/build/CMakeFiles/CMakeTmp'
/usr/bin/cmake: /usr/lib/libcurl.so.4: no version information available (required by /usr/bin/cmake)
Building C object CMakeFiles/cmTC_13126.dir/CheckIncludeFile.c.o
/usr/bin/cc   -fsigned-char -W -Wall -Wreturn-type -Waddress -Wsequence-point -Wformat -Wformat-security -Wstrict-prototypes -Wundef -Winit-self -Wpointer-arith -Wshadow -Wuninitialized -Wno-comment -Wimplicit-fallthrough=3 -Wno-strict-overflow -fdiagnostics-show-option -pthread -fomit-frame-pointer -ffunction-sections -fdata-sections    -fvisibility=hidden -Wno-unused-but-set-variable -Wno-missing-prototypes -Wno-missing-declarations  -O3 -DNDEBUG  -DNDEBUG -fPIE -o CMakeFiles/cmTC_13126.dir/CheckIncludeFile.c.o -c /home/debix/gocv-buildopencv/opencv-4.10.0/build/CMakeFiles/CMakeTmp/CheckIncludeFile.c
/usr/bin/cmake: /usr/lib/libcurl.so.4: no version information available (required by /usr/bin/cmake)
Linking C executable cmTC_13126
/usr/bin/cmake -E cmake_link_script CMakeFiles/cmTC_13126.dir/link.txt --verbose=1
/usr/bin/cmake: /usr/lib/libcurl.so.4: no version information available (required by /usr/bin/cmake)
/usr/bin/cc    -fsigned-char -W -Wall -Wreturn-type -Waddress -Wsequence-point -Wformat -Wformat-security -Wstrict-prototypes -Wundef -Winit-self -Wpointer-arith -Wshadow -Wuninitialized -Wno-comment -Wimplicit-fallthrough=3 -Wno-strict-overflow -fdiagnostics-show-option -pthread -fomit-frame-pointer -ffunction-sections -fdata-sections    -fvisibility=hidden -Wno-unused-but-set-variable -Wno-missing-prototypes -Wno-missing-declarations  -O3 -DNDEBUG  -DNDEBUG   -Wl,--gc-sections -Wl,--as-needed -Wl,--no-undefined  CMakeFiles/cmTC_13126.dir/CheckIncludeFile.c.o -o cmTC_13126 
gmake[2]: Leaving directory '/home/debix/gocv-buildopencv/opencv-4.10.0/build/CMakeFiles/CMakeTmp'
gmake[1]: Leaving directory '/home/debix/gocv-buildopencv/opencv-4.10.0/build/CMakeFiles/CMakeTmp'



Determining if the include file sys/types.h exists passed with the following output:
Change Dir: /home/debix/gocv-buildopencv/opencv-4.10.0/build/CMakeFiles/CMakeTmp

Run Build Command(s):/usr/bin/gmake -f Makefile cmTC_cc743/fast && gmake[1]: Entering directory '/home/debix/gocv-buildopencv/opencv-4.10.0/build/CMakeFiles/CMakeTmp'
/usr/bin/gmake  -f CMakeFiles/cmTC_cc743.dir/build.make CMakeFiles/cmTC_cc743.dir/build
gmake[2]: Entering directory '/home/debix/gocv-buildopencv/opencv-4.10.0/build/CMakeFiles/CMakeTmp'
/usr/bin/cmake: /usr/lib/libcurl.so.4: no version information available (required by /usr/bin/cmake)
Building C object CMakeFiles/cmTC_cc743.dir/CheckIncludeFile.c.o
/usr/bin/cc   -fsigned-char -W -Wall -Wreturn-type -Waddress -Wsequence-point -Wformat -Wformat-security -Wstrict-prototypes -Wundef -Winit-self -Wpointer-arith -Wshadow -Wuninitialized -Wno-comment -Wimplicit-fallthrough=3 -Wno-strict-overflow -fdiagnostics-show-option -pthread -fomit-frame-pointer -ffunction-sections -fdata-sections    -fvisibility=hidden -Wno-unused-but-set-variable -Wno-missing-prototypes -Wno-missing-declarations  -O3 -DNDEBUG  -DNDEBUG -fPIE -o CMakeFiles/cmTC_cc743.dir/CheckIncludeFile.c.o -c /home/debix/gocv-buildopencv/opencv-4.10.0/build/CMakeFiles/CMakeTmp/CheckIncludeFile.c
/usr/bin/cmake: /usr/lib/libcurl.so.4: no version information available (required by /usr/bin/cmake)
Linking C executable cmTC_cc743
/usr/bin/cmake -E cmake_link_script CMakeFiles/cmTC_cc743.dir/link.txt --verbose=1
/usr/bin/cmake: /usr/lib/libcurl.so.4: no version information available (required by /usr/bin/cmake)
/usr/bin/cc    -fsigned-char -W -Wall -Wreturn-type -Waddress -Wsequence-point -Wformat -Wformat-security -Wstrict-prototypes -Wundef -Winit-self -Wpointer-arith -Wshadow -Wuninitialized -Wno-comment -Wimplicit-fallthrough=3 -Wno-strict-overflow -fdiagnostics-show-option -pthread -fomit-frame-pointer -ffunction-sections -fdata-sections    -fvisibility=hidden -Wno-unused-but-set-variable -Wno-missing-prototypes -Wno-missing-declarations  -O3 -DNDEBUG  -DNDEBUG   -Wl,--gc-sections -Wl,--as-needed -Wl,--no-undefined  CMakeFiles/cmTC_cc743.dir/CheckIncludeFile.c.o -o cmTC_cc743 
gmake[2]: Leaving directory '/home/debix/gocv-buildopencv/opencv-4.10.0/build/CMakeFiles/CMakeTmp'
gmake[1]: Leaving directory '/home/debix/gocv-buildopencv/opencv-4.10.0/build/CMakeFiles/CMakeTmp'



Determining if the include file unistd.h exists passed with the following output:
Change Dir: /home/debix/gocv-buildopencv/opencv-4.10.0/build/CMakeFiles/CMakeTmp

Run Build Command(s):/usr/bin/gmake -f Makefile cmTC_9159b/fast && gmake[1]: Entering directory '/home/debix/gocv-buildopencv/opencv-4.10.0/build/CMakeFiles/CMakeTmp'
/usr/bin/gmake  -f CMakeFiles/cmTC_9159b.dir/build.make CMakeFiles/cmTC_9159b.dir/build
gmake[2]: Entering directory '/home/debix/gocv-buildopencv/opencv-4.10.0/build/CMakeFiles/CMakeTmp'
/usr/bin/cmake: /usr/lib/libcurl.so.4: no version information available (required by /usr/bin/cmake)
Building C object CMakeFiles/cmTC_9159b.dir/CheckIncludeFile.c.o
/usr/bin/cc   -fsigned-char -W -Wall -Wreturn-type -Waddress -Wsequence-point -Wformat -Wformat-security -Wstrict-prototypes -Wundef -Winit-self -Wpointer-arith -Wshadow -Wuninitialized -Wno-comment -Wimplicit-fallthrough=3 -Wno-strict-overflow -fdiagnostics-show-option -pthread -fomit-frame-pointer -ffunction-sections -fdata-sections    -fvisibility=hidden -Wno-unused-but-set-variable -Wno-missing-prototypes -Wno-missing-declarations  -O3 -DNDEBUG  -DNDEBUG -fPIE -o CMakeFiles/cmTC_9159b.dir/CheckIncludeFile.c.o -c /home/debix/gocv-buildopencv/opencv-4.10.0/build/CMakeFiles/CMakeTmp/CheckIncludeFile.c
/usr/bin/cmake: /usr/lib/libcurl.so.4: no version information available (required by /usr/bin/cmake)
Linking C executable cmTC_9159b
/usr/bin/cmake -E cmake_link_script CMakeFiles/cmTC_9159b.dir/link.txt --verbose=1
/usr/bin/cmake: /usr/lib/libcurl.so.4: no version information available (required by /usr/bin/cmake)
/usr/bin/cc    -fsigned-char -W -Wall -Wreturn-type -Waddress -Wsequence-point -Wformat -Wformat-security -Wstrict-prototypes -Wundef -Winit-self -Wpointer-arith -Wshadow -Wuninitialized -Wno-comment -Wimplicit-fallthrough=3 -Wno-strict-overflow -fdiagnostics-show-option -pthread -fomit-frame-pointer -ffunction-sections -fdata-sections    -fvisibility=hidden -Wno-unused-but-set-variable -Wno-missing-prototypes -Wno-missing-declarations  -O3 -DNDEBUG  -DNDEBUG   -Wl,--gc-sections -Wl,--as-needed -Wl,--no-undefined  CMakeFiles/cmTC_9159b.dir/CheckIncludeFile.c.o -o cmTC_9159b 
gmake[2]: Leaving directory '/home/debix/gocv-buildopencv/opencv-4.10.0/build/CMakeFiles/CMakeTmp'
gmake[1]: Leaving directory '/home/debix/gocv-buildopencv/opencv-4.10.0/build/CMakeFiles/CMakeTmp'



Determining if files malloc.h exist passed with the following output:
Change Dir: /home/debix/gocv-buildopencv/opencv-4.10.0/build/CMakeFiles/CMakeTmp

Run Build Command(s):/usr/bin/gmake -f Makefile cmTC_5816e/fast && gmake[1]: Entering directory '/home/debix/gocv-buildopencv/opencv-4.10.0/build/CMakeFiles/CMakeTmp'
/usr/bin/gmake  -f CMakeFiles/cmTC_5816e.dir/build.make CMakeFiles/cmTC_5816e.dir/build
gmake[2]: Entering directory '/home/debix/gocv-buildopencv/opencv-4.10.0/build/CMakeFiles/CMakeTmp'
/usr/bin/cmake: /usr/lib/libcurl.so.4: no version information available (required by /usr/bin/cmake)
Building C object CMakeFiles/cmTC_5816e.dir/OPJ_HAVE_MALLOC_H.c.o
/usr/bin/cc   -fsigned-char -W -Wall -Wreturn-type -Waddress -Wsequence-point -Wformat -Wformat-security -Wstrict-prototypes -Wundef -Winit-self -Wpointer-arith -Wshadow -Wuninitialized -Wno-comment -Wimplicit-fallthrough=3 -Wno-strict-overflow -fdiagnostics-show-option -pthread -fomit-frame-pointer -ffunction-sections -fdata-sections    -fvisibility=hidden -Wno-unused-but-set-variable -Wno-missing-prototypes -Wno-missing-declarations  -O3 -DNDEBUG  -DNDEBUG -fPIE -o CMakeFiles/cmTC_5816e.dir/OPJ_HAVE_MALLOC_H.c.o -c /home/debix/gocv-buildopencv/opencv-4.10.0/build/CMakeFiles/CheckIncludeFiles/OPJ_HAVE_MALLOC_H.c
/usr/bin/cmake: /usr/lib/libcurl.so.4: no version information available (required by /usr/bin/cmake)
Linking C executable cmTC_5816e
/usr/bin/cmake -E cmake_link_script CMakeFiles/cmTC_5816e.dir/link.txt --verbose=1
/usr/bin/cmake: /usr/lib/libcurl.so.4: no version information available (required by /usr/bin/cmake)
/usr/bin/cc    -fsigned-char -W -Wall -Wreturn-type -Waddress -Wsequence-point -Wformat -Wformat-security -Wstrict-prototypes -Wundef -Winit-self -Wpointer-arith -Wshadow -Wuninitialized -Wno-comment -Wimplicit-fallthrough=3 -Wno-strict-overflow -fdiagnostics-show-option -pthread -fomit-frame-pointer -ffunction-sections -fdata-sections    -fvisibility=hidden -Wno-unused-but-set-variable -Wno-missing-prototypes -Wno-missing-declarations  -O3 -DNDEBUG  -DNDEBUG   -Wl,--gc-sections -Wl,--as-needed -Wl,--no-undefined  CMakeFiles/cmTC_5816e.dir/OPJ_HAVE_MALLOC_H.c.o -o cmTC_5816e 
gmake[2]: Leaving directory '/home/debix/gocv-buildopencv/opencv-4.10.0/build/CMakeFiles/CMakeTmp'
gmake[1]: Leaving directory '/home/debix/gocv-buildopencv/opencv-4.10.0/build/CMakeFiles/CMakeTmp'



Determining if the posix_memalign exist passed with the following output:
Change Dir: /home/debix/gocv-buildopencv/opencv-4.10.0/build/CMakeFiles/CMakeTmp

Run Build Command(s):/usr/bin/gmake -f Makefile cmTC_78e30/fast && gmake[1]: Entering directory '/home/debix/gocv-buildopencv/opencv-4.10.0/build/CMakeFiles/CMakeTmp'
/usr/bin/gmake  -f CMakeFiles/cmTC_78e30.dir/build.make CMakeFiles/cmTC_78e30.dir/build
gmake[2]: Entering directory '/home/debix/gocv-buildopencv/opencv-4.10.0/build/CMakeFiles/CMakeTmp'
/usr/bin/cmake: /usr/lib/libcurl.so.4: no version information available (required by /usr/bin/cmake)
Building C object CMakeFiles/cmTC_78e30.dir/CheckSymbolExists.c.o
/usr/bin/cc -D_POSIX_C_SOURCE=200112L  -fsigned-char -W -Wall -Wreturn-type -Waddress -Wsequence-point -Wformat -Wformat-security -Wstrict-prototypes -Wundef -Winit-self -Wpointer-arith -Wshadow -Wuninitialized -Wno-comment -Wimplicit-fallthrough=3 -Wno-strict-overflow -fdiagnostics-show-option -pthread -fomit-frame-pointer -ffunction-sections -fdata-sections    -fvisibility=hidden -Wno-unused-but-set-variable -Wno-missing-prototypes -Wno-missing-declarations  -O3 -DNDEBUG  -DNDEBUG -fPIE -o CMakeFiles/cmTC_78e30.dir/CheckSymbolExists.c.o -c /home/debix/gocv-buildopencv/opencv-4.10.0/build/CMakeFiles/CMakeTmp/CheckSymbolExists.c
/usr/bin/cmake: /usr/lib/libcurl.so.4: no version information available (required by /usr/bin/cmake)
Linking C executable cmTC_78e30
/usr/bin/cmake -E cmake_link_script CMakeFiles/cmTC_78e30.dir/link.txt --verbose=1
/usr/bin/cmake: /usr/lib/libcurl.so.4: no version information available (required by /usr/bin/cmake)
/usr/bin/cc    -fsigned-char -W -Wall -Wreturn-type -Waddress -Wsequence-point -Wformat -Wformat-security -Wstrict-prototypes -Wundef -Winit-self -Wpointer-arith -Wshadow -Wuninitialized -Wno-comment -Wimplicit-fallthrough=3 -Wno-strict-overflow -fdiagnostics-show-option -pthread -fomit-frame-pointer -ffunction-sections -fdata-sections    -fvisibility=hidden -Wno-unused-but-set-variable -Wno-missing-prototypes -Wno-missing-declarations  -O3 -DNDEBUG  -DNDEBUG   -Wl,--gc-sections -Wl,--as-needed -Wl,--no-undefined  CMakeFiles/cmTC_78e30.dir/CheckSymbolExists.c.o -o cmTC_78e30 
gmake[2]: Leaving directory '/home/debix/gocv-buildopencv/opencv-4.10.0/build/CMakeFiles/CMakeTmp'
gmake[1]: Leaving directory '/home/debix/gocv-buildopencv/opencv-4.10.0/build/CMakeFiles/CMakeTmp'


File /home/debix/gocv-buildopencv/opencv-4.10.0/build/CMakeFiles/CMakeTmp/CheckSymbolExists.c:
/* */
#include <stdlib.h>

int main(int argc, char** argv)
{
  (void)argv;
#ifndef posix_memalign
  return ((int*)(&posix_memalign))[argc];
#else
  (void)argc;
  return 0;
#endif
}
Determining if the memalign exist passed with the following output:
Change Dir: /home/debix/gocv-buildopencv/opencv-4.10.0/build/CMakeFiles/CMakeTmp

Run Build Command(s):/usr/bin/gmake -f Makefile cmTC_5e85c/fast && gmake[1]: Entering directory '/home/debix/gocv-buildopencv/opencv-4.10.0/build/CMakeFiles/CMakeTmp'
/usr/bin/gmake  -f CMakeFiles/cmTC_5e85c.dir/build.make CMakeFiles/cmTC_5e85c.dir/build
gmake[2]: Entering directory '/home/debix/gocv-buildopencv/opencv-4.10.0/build/CMakeFiles/CMakeTmp'
/usr/bin/cmake: /usr/lib/libcurl.so.4: no version information available (required by /usr/bin/cmake)
Building C object CMakeFiles/cmTC_5e85c.dir/CheckSymbolExists.c.o
/usr/bin/cc   -fsigned-char -W -Wall -Wreturn-type -Waddress -Wsequence-point -Wformat -Wformat-security -Wstrict-prototypes -Wundef -Winit-self -Wpointer-arith -Wshadow -Wuninitialized -Wno-comment -Wimplicit-fallthrough=3 -Wno-strict-overflow -fdiagnostics-show-option -pthread -fomit-frame-pointer -ffunction-sections -fdata-sections    -fvisibility=hidden -Wno-unused-but-set-variable -Wno-missing-prototypes -Wno-missing-declarations  -O3 -DNDEBUG  -DNDEBUG -fPIE -o CMakeFiles/cmTC_5e85c.dir/CheckSymbolExists.c.o -c /home/debix/gocv-buildopencv/opencv-4.10.0/build/CMakeFiles/CMakeTmp/CheckSymbolExists.c
/usr/bin/cmake: /usr/lib/libcurl.so.4: no version information available (required by /usr/bin/cmake)
Linking C executable cmTC_5e85c
/usr/bin/cmake -E cmake_link_script CMakeFiles/cmTC_5e85c.dir/link.txt --verbose=1
/usr/bin/cmake: /usr/lib/libcurl.so.4: no version information available (required by /usr/bin/cmake)
/usr/bin/cc    -fsigned-char -W -Wall -Wreturn-type -Waddress -Wsequence-point -Wformat -Wformat-security -Wstrict-prototypes -Wundef -Winit-self -Wpointer-arith -Wshadow -Wuninitialized -Wno-comment -Wimplicit-fallthrough=3 -Wno-strict-overflow -fdiagnostics-show-option -pthread -fomit-frame-pointer -ffunction-sections -fdata-sections    -fvisibility=hidden -Wno-unused-but-set-variable -Wno-missing-prototypes -Wno-missing-declarations  -O3 -DNDEBUG  -DNDEBUG   -Wl,--gc-sections -Wl,--as-needed -Wl,--no-undefined  CMakeFiles/cmTC_5e85c.dir/CheckSymbolExists.c.o -o cmTC_5e85c 
gmake[2]: Leaving directory '/home/debix/gocv-buildopencv/opencv-4.10.0/build/CMakeFiles/CMakeTmp'
gmake[1]: Leaving directory '/home/debix/gocv-buildopencv/opencv-4.10.0/build/CMakeFiles/CMakeTmp'


File /home/debix/gocv-buildopencv/opencv-4.10.0/build/CMakeFiles/CMakeTmp/CheckSymbolExists.c:
/* */
#include <malloc.h>

int main(int argc, char** argv)
{
  (void)argv;
#ifndef memalign
  return ((int*)(&memalign))[argc];
#else
  (void)argc;
  return 0;
#endif
}
Determining if the include file pthread.h exists passed with the following output:
Change Dir: /home/debix/gocv-buildopencv/opencv-4.10.0/build/CMakeFiles/CMakeTmp

Run Build Command(s):/usr/bin/gmake -f Makefile cmTC_74934/fast && gmake[1]: Entering directory '/home/debix/gocv-buildopencv/opencv-4.10.0/build/CMakeFiles/CMakeTmp'
/usr/bin/gmake  -f CMakeFiles/cmTC_74934.dir/build.make CMakeFiles/cmTC_74934.dir/build
gmake[2]: Entering directory '/home/debix/gocv-buildopencv/opencv-4.10.0/build/CMakeFiles/CMakeTmp'
/usr/bin/cmake: /usr/lib/libcurl.so.4: no version information available (required by /usr/bin/cmake)
Building C object CMakeFiles/cmTC_74934.dir/CheckIncludeFile.c.o
/usr/bin/cc   -fsigned-char -W -Wall -Wreturn-type -Waddress -Wsequence-point -Wformat -Wformat-security -Winit-self -Wpointer-arith -Wuninitialized -Wno-comment -Wimplicit-fallthrough=3 -Wno-strict-overflow -fdiagnostics-show-option -pthread -fomit-frame-pointer -ffunction-sections -fdata-sections    -fvisibility=hidden -Wno-unused-but-set-variable -Wno-missing-prototypes -Wno-missing-declarations -Wno-undef -Wno-strict-prototypes -Wno-cast-function-type -Wno-shadow -Wno-unused-function  -O3 -DNDEBUG  -DNDEBUG -fPIE -o CMakeFiles/cmTC_74934.dir/CheckIncludeFile.c.o -c /home/debix/gocv-buildopencv/opencv-4.10.0/build/CMakeFiles/CMakeTmp/CheckIncludeFile.c
/usr/bin/cmake: /usr/lib/libcurl.so.4: no version information available (required by /usr/bin/cmake)
Linking C executable cmTC_74934
/usr/bin/cmake -E cmake_link_script CMakeFiles/cmTC_74934.dir/link.txt --verbose=1
/usr/bin/cmake: /usr/lib/libcurl.so.4: no version information available (required by /usr/bin/cmake)
/usr/bin/cc    -fsigned-char -W -Wall -Wreturn-type -Waddress -Wsequence-point -Wformat -Wformat-security -Winit-self -Wpointer-arith -Wuninitialized -Wno-comment -Wimplicit-fallthrough=3 -Wno-strict-overflow -fdiagnostics-show-option -pthread -fomit-frame-pointer -ffunction-sections -fdata-sections    -fvisibility=hidden -Wno-unused-but-set-variable -Wno-missing-prototypes -Wno-missing-declarations -Wno-undef -Wno-strict-prototypes -Wno-cast-function-type -Wno-shadow -Wno-unused-function  -O3 -DNDEBUG  -DNDEBUG   -Wl,--gc-sections -Wl,--as-needed -Wl,--no-undefined  CMakeFiles/cmTC_74934.dir/CheckIncludeFile.c.o -o cmTC_74934 
gmake[2]: Leaving directory '/home/debix/gocv-buildopencv/opencv-4.10.0/build/CMakeFiles/CMakeTmp'
gmake[1]: Leaving directory '/home/debix/gocv-buildopencv/opencv-4.10.0/build/CMakeFiles/CMakeTmp'



Performing C SOURCE FILE Test CMAKE_HAVE_LIBC_PTHREAD succeeded with the following output:
Change Dir: /home/debix/gocv-buildopencv/opencv-4.10.0/build/CMakeFiles/CMakeTmp

Run Build Command(s):/usr/bin/gmake -f Makefile cmTC_0909c/fast && gmake[1]: Entering directory '/home/debix/gocv-buildopencv/opencv-4.10.0/build/CMakeFiles/CMakeTmp'
/usr/bin/gmake  -f CMakeFiles/cmTC_0909c.dir/build.make CMakeFiles/cmTC_0909c.dir/build
gmake[2]: Entering directory '/home/debix/gocv-buildopencv/opencv-4.10.0/build/CMakeFiles/CMakeTmp'
/usr/bin/cmake: /usr/lib/libcurl.so.4: no version information available (required by /usr/bin/cmake)
Building C object CMakeFiles/cmTC_0909c.dir/src.c.o
/usr/bin/cc -DCMAKE_HAVE_LIBC_PTHREAD  -fsigned-char -W -Wall -Wreturn-type -Waddress -Wsequence-point -Wformat -Wformat-security -Winit-self -Wpointer-arith -Wuninitialized -Wno-comment -Wimplicit-fallthrough=3 -Wno-strict-overflow -fdiagnostics-show-option -pthread -fomit-frame-pointer -ffunction-sections -fdata-sections    -fvisibility=hidden -Wno-unused-but-set-variable -Wno-missing-prototypes -Wno-missing-declarations -Wno-undef -Wno-strict-prototypes -Wno-cast-function-type -Wno-shadow -Wno-unused-function  -O3 -DNDEBUG  -DNDEBUG -fPIE -o CMakeFiles/cmTC_0909c.dir/src.c.o -c /home/debix/gocv-buildopencv/opencv-4.10.0/build/CMakeFiles/CMakeTmp/src.c
/usr/bin/cmake: /usr/lib/libcurl.so.4: no version information available (required by /usr/bin/cmake)
Linking C executable cmTC_0909c
/usr/bin/cmake -E cmake_link_script CMakeFiles/cmTC_0909c.dir/link.txt --verbose=1
/usr/bin/cmake: /usr/lib/libcurl.so.4: no version information available (required by /usr/bin/cmake)
/usr/bin/cc    -fsigned-char -W -Wall -Wreturn-type -Waddress -Wsequence-point -Wformat -Wformat-security -Winit-self -Wpointer-arith -Wuninitialized -Wno-comment -Wimplicit-fallthrough=3 -Wno-strict-overflow -fdiagnostics-show-option -pthread -fomit-frame-pointer -ffunction-sections -fdata-sections    -fvisibility=hidden -Wno-unused-but-set-variable -Wno-missing-prototypes -Wno-missing-declarations -Wno-undef -Wno-strict-prototypes -Wno-cast-function-type -Wno-shadow -Wno-unused-function  -O3 -DNDEBUG  -DNDEBUG   -Wl,--gc-sections -Wl,--as-needed -Wl,--no-undefined  CMakeFiles/cmTC_0909c.dir/src.c.o -o cmTC_0909c 
gmake[2]: Leaving directory '/home/debix/gocv-buildopencv/opencv-4.10.0/build/CMakeFiles/CMakeTmp'
gmake[1]: Leaving directory '/home/debix/gocv-buildopencv/opencv-4.10.0/build/CMakeFiles/CMakeTmp'


Source file was:
#include <pthread.h>

static void* test_func(void* data)
{
  return data;
}

int main(void)
{
  pthread_t thread;
  pthread_create(&thread, NULL, test_func, NULL);
  pthread_detach(thread);
  pthread_cancel(thread);
  pthread_join(thread, NULL);
  pthread_atfork(NULL, NULL, NULL);
  pthread_exit(NULL);

  return 0;
}

Determining if the include file semaphore.h exists passed with the following output:
Change Dir: /home/debix/gocv-buildopencv/opencv-4.10.0/build/CMakeFiles/CMakeTmp

Run Build Command(s):/usr/bin/gmake -f Makefile cmTC_f93a1/fast && gmake[1]: Entering directory '/home/debix/gocv-buildopencv/opencv-4.10.0/build/CMakeFiles/CMakeTmp'
/usr/bin/gmake  -f CMakeFiles/cmTC_f93a1.dir/build.make CMakeFiles/cmTC_f93a1.dir/build
gmake[2]: Entering directory '/home/debix/gocv-buildopencv/opencv-4.10.0/build/CMakeFiles/CMakeTmp'
/usr/bin/cmake: /usr/lib/libcurl.so.4: no version information available (required by /usr/bin/cmake)
Building C object CMakeFiles/cmTC_f93a1.dir/CheckIncludeFile.c.o
/usr/bin/cc   -fsigned-char -W -Wall -Wreturn-type -Waddress -Wsequence-point -Wformat -Wformat-security -Wmissing-declarations -Wmissing-prototypes -Wstrict-prototypes -Wundef -Winit-self -Wpointer-arith -Wshadow -Wuninitialized -Wno-comment -Wimplicit-fallthrough=3 -Wno-strict-overflow -fdiagnostics-show-option -pthread -fomit-frame-pointer -ffunction-sections -fdata-sections    -fvisibility=hidden  -O3 -DNDEBUG  -DNDEBUG -fPIE -o CMakeFiles/cmTC_f93a1.dir/CheckIncludeFile.c.o -c /home/debix/gocv-buildopencv/opencv-4.10.0/build/CMakeFiles/CMakeTmp/CheckIncludeFile.c
/usr/bin/cmake: /usr/lib/libcurl.so.4: no version information available (required by /usr/bin/cmake)
Linking C executable cmTC_f93a1
/usr/bin/cmake -E cmake_link_script CMakeFiles/cmTC_f93a1.dir/link.txt --verbose=1
/usr/bin/cmake: /usr/lib/libcurl.so.4: no version information available (required by /usr/bin/cmake)
/usr/bin/cc    -fsigned-char -W -Wall -Wreturn-type -Waddress -Wsequence-point -Wformat -Wformat-security -Wmissing-declarations -Wmissing-prototypes -Wstrict-prototypes -Wundef -Winit-self -Wpointer-arith -Wshadow -Wuninitialized -Wno-comment -Wimplicit-fallthrough=3 -Wno-strict-overflow -fdiagnostics-show-option -pthread -fomit-frame-pointer -ffunction-sections -fdata-sections    -fvisibility=hidden  -O3 -DNDEBUG  -DNDEBUG   -Wl,--gc-sections -Wl,--as-needed -Wl,--no-undefined  CMakeFiles/cmTC_f93a1.dir/CheckIncludeFile.c.o -o cmTC_f93a1 
gmake[2]: Leaving directory '/home/debix/gocv-buildopencv/opencv-4.10.0/build/CMakeFiles/CMakeTmp'
gmake[1]: Leaving directory '/home/debix/gocv-buildopencv/opencv-4.10.0/build/CMakeFiles/CMakeTmp'



Determining if the function dlerror exists in the dl passed with the following output:
Change Dir: /home/debix/gocv-buildopencv/opencv-4.10.0/build/CMakeFiles/CMakeTmp

Run Build Command(s):/usr/bin/gmake -f Makefile cmTC_f5658/fast && gmake[1]: Entering directory '/home/debix/gocv-buildopencv/opencv-4.10.0/build/CMakeFiles/CMakeTmp'
/usr/bin/gmake  -f CMakeFiles/cmTC_f5658.dir/build.make CMakeFiles/cmTC_f5658.dir/build
gmake[2]: Entering directory '/home/debix/gocv-buildopencv/opencv-4.10.0/build/CMakeFiles/CMakeTmp'
/usr/bin/cmake: /usr/lib/libcurl.so.4: no version information available (required by /usr/bin/cmake)
Building C object CMakeFiles/cmTC_f5658.dir/CheckFunctionExists.c.o
/usr/bin/cc   -fsigned-char -W -Wall -Wreturn-type -Waddress -Wsequence-point -Wformat -Wformat-security -Wmissing-declarations -Wmissing-prototypes -Wstrict-prototypes -Wundef -Winit-self -Wpointer-arith -Wshadow -Wuninitialized -Wno-comment -Wimplicit-fallthrough=3 -Wno-strict-overflow -fdiagnostics-show-option -pthread -fomit-frame-pointer -ffunction-sections -fdata-sections    -fvisibility=hidden -DCHECK_FUNCTION_EXISTS=dlerror -O3 -DNDEBUG  -DNDEBUG -fPIE -o CMakeFiles/cmTC_f5658.dir/CheckFunctionExists.c.o -c /usr/share/cmake-3.22/Modules/CheckFunctionExists.c
/usr/bin/cmake: /usr/lib/libcurl.so.4: no version information available (required by /usr/bin/cmake)
Linking C executable cmTC_f5658
/usr/bin/cmake -E cmake_link_script CMakeFiles/cmTC_f5658.dir/link.txt --verbose=1
/usr/bin/cmake: /usr/lib/libcurl.so.4: no version information available (required by /usr/bin/cmake)
/usr/bin/cc    -fsigned-char -W -Wall -Wreturn-type -Waddress -Wsequence-point -Wformat -Wformat-security -Wmissing-declarations -Wmissing-prototypes -Wstrict-prototypes -Wundef -Winit-self -Wpointer-arith -Wshadow -Wuninitialized -Wno-comment -Wimplicit-fallthrough=3 -Wno-strict-overflow -fdiagnostics-show-option -pthread -fomit-frame-pointer -ffunction-sections -fdata-sections    -fvisibility=hidden -DCHECK_FUNCTION_EXISTS=dlerror -O3 -DNDEBUG  -DNDEBUG   -Wl,--gc-sections -Wl,--as-needed -Wl,--no-undefined  CMakeFiles/cmTC_f5658.dir/CheckFunctionExists.c.o -o cmTC_f5658  -ldl 
gmake[2]: Leaving directory '/home/debix/gocv-buildopencv/opencv-4.10.0/build/CMakeFiles/CMakeTmp'
gmake[1]: Leaving directory '/home/debix/gocv-buildopencv/opencv-4.10.0/build/CMakeFiles/CMakeTmp'



Determining if the include file linux/videodev2.h exists passed with the following output:
Change Dir: /home/debix/gocv-buildopencv/opencv-4.10.0/build/CMakeFiles/CMakeTmp

Run Build Command(s):/usr/bin/gmake -f Makefile cmTC_dae63/fast && gmake[1]: Entering directory '/home/debix/gocv-buildopencv/opencv-4.10.0/build/CMakeFiles/CMakeTmp'
/usr/bin/gmake  -f CMakeFiles/cmTC_dae63.dir/build.make CMakeFiles/cmTC_dae63.dir/build
gmake[2]: Entering directory '/home/debix/gocv-buildopencv/opencv-4.10.0/build/CMakeFiles/CMakeTmp'
/usr/bin/cmake: /usr/lib/libcurl.so.4: no version information available (required by /usr/bin/cmake)
Building C object CMakeFiles/cmTC_dae63.dir/CheckIncludeFile.c.o
/usr/bin/cc   -fsigned-char -W -Wall -Wreturn-type -Waddress -Wsequence-point -Wformat -Wformat-security -Wmissing-declarations -Wmissing-prototypes -Wstrict-prototypes -Wundef -Winit-self -Wpointer-arith -Wshadow -Wuninitialized -Wno-comment -Wimplicit-fallthrough=3 -Wno-strict-overflow -fdiagnostics-show-option -pthread -fomit-frame-pointer -ffunction-sections -fdata-sections    -fvisibility=hidden  -O3 -DNDEBUG  -DNDEBUG -fPIE -o CMakeFiles/cmTC_dae63.dir/CheckIncludeFile.c.o -c /home/debix/gocv-buildopencv/opencv-4.10.0/build/CMakeFiles/CMakeTmp/CheckIncludeFile.c
/usr/bin/cmake: /usr/lib/libcurl.so.4: no version information available (required by /usr/bin/cmake)
Linking C executable cmTC_dae63
/usr/bin/cmake -E cmake_link_script CMakeFiles/cmTC_dae63.dir/link.txt --verbose=1
/usr/bin/cmake: /usr/lib/libcurl.so.4: no version information available (required by /usr/bin/cmake)
/usr/bin/cc    -fsigned-char -W -Wall -Wreturn-type -Waddress -Wsequence-point -Wformat -Wformat-security -Wmissing-declarations -Wmissing-prototypes -Wstrict-prototypes -Wundef -Winit-self -Wpointer-arith -Wshadow -Wuninitialized -Wno-comment -Wimplicit-fallthrough=3 -Wno-strict-overflow -fdiagnostics-show-option -pthread -fomit-frame-pointer -ffunction-sections -fdata-sections    -fvisibility=hidden  -O3 -DNDEBUG  -DNDEBUG   -Wl,--gc-sections -Wl,--as-needed -Wl,--no-undefined  CMakeFiles/cmTC_dae63.dir/CheckIncludeFile.c.o -o cmTC_dae63 
gmake[2]: Leaving directory '/home/debix/gocv-buildopencv/opencv-4.10.0/build/CMakeFiles/CMakeTmp'
gmake[1]: Leaving directory '/home/debix/gocv-buildopencv/opencv-4.10.0/build/CMakeFiles/CMakeTmp'



Determining if the include file linux/videodev2.h exists passed with the following output:
Change Dir: /home/debix/gocv-buildopencv/opencv-4.10.0/build/CMakeFiles/CMakeTmp

Run Build Command(s):/usr/bin/gmake -f Makefile cmTC_59e04/fast && gmake[1]: Entering directory '/home/debix/gocv-buildopencv/opencv-4.10.0/build/CMakeFiles/CMakeTmp'
/usr/bin/gmake  -f CMakeFiles/cmTC_59e04.dir/build.make CMakeFiles/cmTC_59e04.dir/build
gmake[2]: Entering directory '/home/debix/gocv-buildopencv/opencv-4.10.0/build/CMakeFiles/CMakeTmp'
/usr/bin/cmake: /usr/lib/libcurl.so.4: no version information available (required by /usr/bin/cmake)
Building C object CMakeFiles/cmTC_59e04.dir/CheckIncludeFile.c.o
/usr/bin/cc   -fsigned-char -W -Wall -Wreturn-type -Waddress -Wsequence-point -Wformat -Wformat-security -Wmissing-declarations -Wmissing-prototypes -Wstrict-prototypes -Wundef -Winit-self -Wpointer-arith -Wshadow -Wuninitialized -Wno-comment -Wimplicit-fallthrough=3 -Wno-strict-overflow -fdiagnostics-show-option -pthread -fomit-frame-pointer -ffunction-sections -fdata-sections    -fvisibility=hidden  -O3 -DNDEBUG  -DNDEBUG -fPIE -o CMakeFiles/cmTC_59e04.dir/CheckIncludeFile.c.o -c /home/debix/gocv-buildopencv/opencv-4.10.0/build/CMakeFiles/CMakeTmp/CheckIncludeFile.c
/usr/bin/cmake: /usr/lib/libcurl.so.4: no version information available (required by /usr/bin/cmake)
Linking C executable cmTC_59e04
/usr/bin/cmake -E cmake_link_script CMakeFiles/cmTC_59e04.dir/link.txt --verbose=1
/usr/bin/cmake: /usr/lib/libcurl.so.4: no version information available (required by /usr/bin/cmake)
/usr/bin/cc    -fsigned-char -W -Wall -Wreturn-type -Waddress -Wsequence-point -Wformat -Wformat-security -Wmissing-declarations -Wmissing-prototypes -Wstrict-prototypes -Wundef -Winit-self -Wpointer-arith -Wshadow -Wuninitialized -Wno-comment -Wimplicit-fallthrough=3 -Wno-strict-overflow -fdiagnostics-show-option -pthread -fomit-frame-pointer -ffunction-sections -fdata-sections    -fvisibility=hidden  -O3 -DNDEBUG  -DNDEBUG   -Wl,--gc-sections -Wl,--as-needed -Wl,--no-undefined  CMakeFiles/cmTC_59e04.dir/CheckIncludeFile.c.o -o cmTC_59e04 
gmake[2]: Leaving directory '/home/debix/gocv-buildopencv/opencv-4.10.0/build/CMakeFiles/CMakeTmp'
gmake[1]: Leaving directory '/home/debix/gocv-buildopencv/opencv-4.10.0/build/CMakeFiles/CMakeTmp'



Performing C SOURCE FILE Test Iconv_IS_BUILT_IN succeeded with the following output:
Change Dir: /home/debix/gocv-buildopencv/opencv-4.10.0/build/CMakeFiles/CMakeTmp

Run Build Command(s):/usr/bin/gmake -f Makefile cmTC_e6ac9/fast && gmake[1]: Entering directory '/home/debix/gocv-buildopencv/opencv-4.10.0/build/CMakeFiles/CMakeTmp'
/usr/bin/gmake  -f CMakeFiles/cmTC_e6ac9.dir/build.make CMakeFiles/cmTC_e6ac9.dir/build
gmake[2]: Entering directory '/home/debix/gocv-buildopencv/opencv-4.10.0/build/CMakeFiles/CMakeTmp'
/usr/bin/cmake: /usr/lib/libcurl.so.4: no version information available (required by /usr/bin/cmake)
Building C object CMakeFiles/cmTC_e6ac9.dir/src.c.o
/usr/bin/cc -DIconv_IS_BUILT_IN  -fsigned-char -W -Wall -Wreturn-type -Waddress -Wsequence-point -Wformat -Wformat-security -Wmissing-declarations -Wmissing-prototypes -Wstrict-prototypes -Wundef -Winit-self -Wpointer-arith -Wshadow -Wuninitialized -Wno-comment -Wimplicit-fallthrough=3 -Wno-strict-overflow -fdiagnostics-show-option -pthread -fomit-frame-pointer -ffunction-sections -fdata-sections    -fvisibility=hidden  -O3 -DNDEBUG  -DNDEBUG -fPIE -o CMakeFiles/cmTC_e6ac9.dir/src.c.o -c /home/debix/gocv-buildopencv/opencv-4.10.0/build/CMakeFiles/CMakeTmp/src.c
/home/debix/gocv-buildopencv/opencv-4.10.0/build/CMakeFiles/CMakeTmp/src.c:4:11: warning: function declaration isn't a prototype [-Wstrict-prototypes]
    4 |       int main() {
      |           ^~~~
/usr/bin/cmake: /usr/lib/libcurl.so.4: no version information available (required by /usr/bin/cmake)
Linking C executable cmTC_e6ac9
/usr/bin/cmake -E cmake_link_script CMakeFiles/cmTC_e6ac9.dir/link.txt --verbose=1
/usr/bin/cmake: /usr/lib/libcurl.so.4: no version information available (required by /usr/bin/cmake)
/usr/bin/cc    -fsigned-char -W -Wall -Wreturn-type -Waddress -Wsequence-point -Wformat -Wformat-security -Wmissing-declarations -Wmissing-prototypes -Wstrict-prototypes -Wundef -Winit-self -Wpointer-arith -Wshadow -Wuninitialized -Wno-comment -Wimplicit-fallthrough=3 -Wno-strict-overflow -fdiagnostics-show-option -pthread -fomit-frame-pointer -ffunction-sections -fdata-sections    -fvisibility=hidden  -O3 -DNDEBUG  -DNDEBUG   -Wl,--gc-sections -Wl,--as-needed -Wl,--no-undefined  CMakeFiles/cmTC_e6ac9.dir/src.c.o -o cmTC_e6ac9 
gmake[2]: Leaving directory '/home/debix/gocv-buildopencv/opencv-4.10.0/build/CMakeFiles/CMakeTmp'
gmake[1]: Leaving directory '/home/debix/gocv-buildopencv/opencv-4.10.0/build/CMakeFiles/CMakeTmp'


Source file was:

      #include <stddef.h>
      #include <iconv.h>
      int main() {
        char *a, *b;
        size_t i, j;
        iconv_t ic;
        ic = iconv_open("to", "from");
        iconv(ic, &a, &i, &b, &j);
        iconv_close(ic);
      }
      
